scan_ts,match_id,sport,market_type,selection,offered_odds,fair_odds,edge_pct,confidence,data_source
2026-09-26T15:11:52+00:00,NBA:Celtics-Knicks,NBA,WIN_PROPS,Anthony Edwards,140,103.9,17.707,85,demo
2026-09-26T15:11:52+00:00,NBA:Celtics-Knicks,NBA,WIN_PROPS,Field,131,96.2,17.707,85,demo
2026-09-26T15:11:52+00:00,NBA:Celtics-Knicks,NBA,WIN_PROPS,Giannis Antetokounmpo,162,109.2,25.259,85,demo
2026-09-26T15:11:52+00:00,NBA:Celtics-Knicks,NBA,WIN_PROPS,Jayson Tatum,163,109.6,25.487,85,demo
2026-09-26T15:11:52+00:00,NBA:Celtics-Knicks,NBA,PARLAY_PROXY,Anthony Edwards,179,109.0,33.503,75,demo
2026-09-26T15:11:52+00:00,NBA:Celtics-Knicks,NBA,PARLAY_PROXY,Giannis Antetokounmpo,156,91.8,33.503,75,demo
2026-09-26T15:11:52+00:00,NBA:Celtics-Knicks,NBA,PARLAY_PROXY,Jayson Tatum,259,128.7,56.992,75,demo
2026-09-26T15:11:52+00:00,NBA:Celtics-Knicks,NBA,PLAYER_AST,Anthony Edwards,159,84.9,40.062,75,demo
2026-09-26T15:11:52+00:00,NBA:Celtics-Knicks,NBA,PLAYER_AST,Giannis Antetokounmpo,205,117.8,40.062,75,demo
2026-09-26T15:11:52+00:00,NBA:Celtics-Knicks,NBA,PLAYER_AST,Jayson Tatum,215,121.6,42.134,75,demo
2026-09-26T15:11:52+00:00,NBA:Celtics-Knicks,NBA,PLAYER_PTS,Anthony Edwards,165,73.2,52.998,75,demo
2026-09-26T15:11:52+00:00,NBA:Celtics-Knicks,NBA,PLAYER_PTS,Giannis Antetokounmpo,262,136.6,52.998,75,demo
2026-09-26T15:11:52+00:00,NBA:Celtics-Knicks,NBA,PLAYER_PTS,Jayson Tatum,273,140.8,54.929,75,demo
2026-09-26T15:11:52+00:00,NBA:Celtics-Knicks,NBA,PLAYER_REB,Anthony Edwards,225,94.2,67.351,75,demo
2026-09-26T15:11:52+00:00,NBA:Celtics-Knicks,NBA,PLAYER_REB,Giannis Antetokounmpo,245,106.2,67.351,75,demo
2026-09-26T15:11:52+00:00,NBA:Celtics-Knicks,NBA,PLAYER_REB,Jayson Tatum,275,115.4,74.107,75,demo
2026-09-26T15:11:52+00:00,NBA:Celtics-Knicks,NBA,ALT_SPREAD,Celtics,203,93.2,56.807,65,demo
2026-09-26T15:11:52+00:00,NBA:Celtics-Knicks,NBA,ALT_SPREAD,Knicks,225,107.3,56.807,65,demo
2026-09-26T15:11:52+00:00,NBA:Celtics-Knicks,NBA,ALT_TOTAL,Over,216,92.7,64.012,65,demo
2026-09-26T15:11:52+00:00,NBA:Celtics-Knicks,NBA,ALT_TOTAL,Under,241,107.9,64.012,65,demo
2026-09-26T15:11:52+00:00,NBA:Celtics-Knicks,NBA,FIRST_HALF,Over,180,95.2,43.415,65,demo
2026-09-26T15:11:52+00:00,NBA:Celtics-Knicks,NBA,FIRST_HALF,Under,194,105.0,43.415,65,demo
2026-09-26T15:11:52+00:00,NBA:Celtics-Knicks,NBA,MARGIN_BAND,Over,216,102.9,55.717,65,demo
2026-09-26T15:11:52+00:00,NBA:Celtics-Knicks,NBA,MARGIN_BAND,Under,207,97.2,55.717,65,demo
2026-09-26T15:11:52+00:00,NBA:Celtics-Knicks,NBA,ML,Celtics,592,303.5,71.496,65,demo
2026-09-26T15:11:52+00:00,NBA:Celtics-Knicks,NBA,ML,Knicks,128,32.9,71.496,65,demo
2026-09-26T15:11:52+00:00,NBA:Celtics-Knicks,NBA,QUARTER_ML,Over,237,103.4,65.704,65,demo
2026-09-26T15:11:52+00:00,NBA:Celtics-Knicks,NBA,QUARTER_ML,Under,226,96.7,65.704,65,demo
2026-09-26T15:11:52+00:00,NBA:Celtics-Knicks,NBA,SPREAD,Celtics,212,111.8,47.289,65,demo
2026-09-26T15:11:52+00:00,NBA:Celtics-Knicks,NBA,SPREAD,Knicks,179,89.4,47.289,65,demo
2026-09-26T15:11:52+00:00,NBA:Celtics-Knicks,NBA,TEAMS_1Q,Over,214,103.3,54.46,65,demo
2026-09-26T15:11:52+00:00,NBA:Celtics-Knicks,NBA,TEAMS_1Q,Under,204,96.8,54.46,65,demo
2026-09-26T15:11:52+00:00,NBA:Celtics-Knicks,NBA,TEAM_TOTAL,Over,197,84.9,60.665,65,demo
2026-09-26T15:11:52+00:00,NBA:Celtics-Knicks,NBA,TEAM_TOTAL,Under,250,117.8,60.665,65,demo
2026-09-26T15:11:52+00:00,NBA:Celtics-Knicks,NBA,TOTAL,Over,199,92.0,55.729,65,demo
2026-09-26T15:11:52+00:00,NBA:Celtics-Knicks,NBA,TOTAL,Under,225,108.7,55.729,65,demo
2026-09-26T15:11:52+00:00,NBA:Thunder-Nuggets,NBA,WIN_PROPS,Devin Booker,137,99.6,18.749,85,demo
2026-09-26T15:11:52+00:00,NBA:Thunder-Nuggets,NBA,WIN_PROPS,Field,138,100.4,18.749,85,demo
2026-09-26T15:11:52+00:00,NBA:Thunder-Nuggets,NBA,WIN_PROPS,Nikola Jokic,160,109.7,23.984,85,demo
2026-09-26T15:11:52+00:00,NBA:Thunder-Nuggets,NBA,WIN_PROPS,Shai Gilgeous-Alexander,133,98.3,17.491,85,demo
2026-09-26T15:11:52+00:00,NBA:Thunder-Nuggets,NBA,PARLAY_PROXY,Devin Booker,167,71.8,55.437,75,demo
2026-09-26T15:11:52+00:00,NBA:Thunder-Nuggets,NBA,PARLAY_PROXY,Nikola Jokic,272,139.3,55.437,75,demo
2026-09-26T15:11:52+00:00,NBA:Thunder-Nuggets,NBA,PARLAY_PROXY,Shai Gilgeous-Alexander,225,121.7,46.579,75,demo
2026-09-26T15:11:52+00:00,NBA:Thunder-Nuggets,NBA,PLAYER_AST,Devin Booker,289,116.8,79.414,75,demo
2026-09-26T15:11:52+00:00,NBA:Thunder-Nuggets,NBA,PLAYER_AST,Nikola Jokic,233,85.6,79.414,75,demo
2026-09-26T15:11:52+00:00,NBA:Thunder-Nuggets,NBA,PLAYER_AST,Shai Gilgeous-Alexander,195,75.8,67.77,75,demo
2026-09-26T15:11:52+00:00,NBA:Thunder-Nuggets,NBA,PLAYER_PTS,Devin Booker,215,104.7,53.92,75,demo
2026-09-26T15:11:52+00:00,NBA:Thunder-Nuggets,NBA,PLAYER_PTS,Nikola Jokic,201,95.6,53.92,75,demo
2026-09-26T15:11:52+00:00,NBA:Thunder-Nuggets,NBA,PLAYER_PTS,Shai Gilgeous-Alexander,208,97.8,55.73,75,demo
2026-09-26T15:11:52+00:00,NBA:Thunder-Nuggets,NBA,PLAYER_REB,Devin Booker,261,122.4,62.34,75,demo
2026-09-26T15:11:52+00:00,NBA:Thunder-Nuggets,NBA,PLAYER_REB,Nikola Jokic,195,81.7,62.34,75,demo
2026-09-26T15:11:52+00:00,NBA:Thunder-Nuggets,NBA,PLAYER_REB,Shai Gilgeous-Alexander,172,75.3,55.122,75,demo
2026-09-26T15:11:52+00:00,NBA:Thunder-Nuggets,NBA,ALT_SPREAD,Nuggets,232,99.7,66.25,65,demo
2026-09-26T15:11:52+00:00,NBA:Thunder-Nuggets,NBA,ALT_SPREAD,Thunder,233,100.3,66.25,65,demo
2026-09-26T15:11:52+00:00,NBA:Thunder-Nuggets,NBA,ALT_TOTAL,Over,234,103.1,64.462,65,demo
2026-09-26T15:11:52+00:00,NBA:Thunder-Nuggets,NBA,ALT_TOTAL,Under,224,97.0,64.462,65,demo
2026-09-26T15:11:52+00:00,NBA:Thunder-Nuggets,NBA,FIRST_HALF,Over,247,123.9,54.96,65,demo
2026-09-26T15:11:52+00:00,NBA:Thunder-Nuggets,NBA,FIRST_HALF,Under,180,80.7,54.96,65,demo
2026-09-26T15:11:52+00:00,NBA:Thunder-Nuggets,NBA,MARGIN_BAND,Over,228,108.6,57.232,65,demo
2026-09-26T15:11:52+00:00,NBA:Thunder-Nuggets,NBA,MARGIN_BAND,Under,202,92.1,57.232,65,demo
2026-09-26T15:11:52+00:00,NBA:Thunder-Nuggets,NBA,ML,Nuggets,138,45.0,64.149,65,demo
2026-09-26T15:11:52+00:00,NBA:Thunder-Nuggets,NBA,ML,Thunder,429,222.3,64.149,65,demo
2026-09-26T15:11:52+00:00,NBA:Thunder-Nuggets,NBA,QUARTER_ML,Over,249,104.8,70.406,65,demo
2026-09-26T15:11:52+00:00,NBA:Thunder-Nuggets,NBA,QUARTER_ML,Under,233,95.4,70.406,65,demo
2026-09-26T15:11:52+00:00,NBA:Thunder-Nuggets,NBA,SPREAD,Nuggets,193,92.4,52.264,65,demo
2026-09-26T15:11:52+00:00,NBA:Thunder-Nuggets,NBA,SPREAD,Thunder,217,108.2,52.264,65,demo
2026-09-26T15:11:52+00:00,NBA:Thunder-Nuggets,NBA,TEAMS_1Q,Over,225,103.8,59.444,65,demo
2026-09-26T15:11:52+00:00,NBA:Thunder-Nuggets,NBA,TEAMS_1Q,Under,213,96.3,59.444,65,demo
2026-09-26T15:11:52+00:00,NBA:Thunder-Nuggets,NBA,TEAM_TOTAL,Over,218,97.0,61.461,65,demo
2026-09-26T15:11:52+00:00,NBA:Thunder-Nuggets,NBA,TEAM_TOTAL,Under,228,103.1,61.461,65,demo
2026-09-26T15:11:52+00:00,NBA:Thunder-Nuggets,NBA,TOTAL,Over,216,105.3,53.896,65,demo
2026-09-26T15:11:52+00:00,NBA:Thunder-Nuggets,NBA,TOTAL,Under,200,94.9,53.896,65,demo
2026-09-26T15:12:23+00:00,NBA:Celtics-Knicks,NBA,WIN_PROPS,Anthony Edwards,140,103.9,17.707,85,demo
2026-09-26T15:12:23+00:00,NBA:Celtics-Knicks,NBA,WIN_PROPS,Field,131,96.2,17.707,85,demo
2026-09-26T15:12:23+00:00,NBA:Celtics-Knicks,NBA,WIN_PROPS,Giannis Antetokounmpo,162,109.2,25.259,85,demo
2026-09-26T15:12:23+00:00,NBA:Celtics-Knicks,NBA,WIN_PROPS,Jayson Tatum,163,109.6,25.487,85,demo
2026-09-26T15:12:23+00:00,NBA:Celtics-Knicks,NBA,PARLAY_PROXY,Anthony Edwards,179,109.0,33.503,75,demo
2026-09-26T15:12:23+00:00,NBA:Celtics-Knicks,NBA,PARLAY_PROXY,Giannis Antetokounmpo,156,91.8,33.503,75,demo
2026-09-26T15:12:23+00:00,NBA:Celtics-Knicks,NBA,PARLAY_PROXY,Jayson Tatum,259,128.7,56.992,75,demo
2026-09-26T15:12:23+00:00,NBA:Celtics-Knicks,NBA,PLAYER_AST,Anthony Edwards,159,84.9,40.062,75,demo
2026-09-26T15:12:23+00:00,NBA:Celtics-Knicks,NBA,PLAYER_AST,Giannis Antetokounmpo,205,117.8,40.062,75,demo
2026-09-26T15:12:23+00:00,NBA:Celtics-Knicks,NBA,PLAYER_AST,Jayson Tatum,215,121.6,42.134,75,demo
2026-09-26T15:12:23+00:00,NBA:Celtics-Knicks,NBA,PLAYER_PTS,Anthony Edwards,165,73.2,52.998,75,demo
2026-09-26T15:12:23+00:00,NBA:Celtics-Knicks,NBA,PLAYER_PTS,Giannis Antetokounmpo,262,136.6,52.998,75,demo
2026-09-26T15:12:23+00:00,NBA:Celtics-Knicks,NBA,PLAYER_PTS,Jayson Tatum,273,140.8,54.929,75,demo
2026-09-26T15:12:23+00:00,NBA:Celtics-Knicks,NBA,PLAYER_REB,Anthony Edwards,225,94.2,67.351,75,demo
2026-09-26T15:12:23+00:00,NBA:Celtics-Knicks,NBA,PLAYER_REB,Giannis Antetokounmpo,245,106.2,67.351,75,demo
2026-09-26T15:12:23+00:00,NBA:Celtics-Knicks,NBA,PLAYER_REB,Jayson Tatum,275,115.4,74.107,75,demo
2026-09-26T15:12:23+00:00,NBA:Celtics-Knicks,NBA,ALT_SPREAD,Celtics,203,93.2,56.807,65,demo
2026-09-26T15:12:23+00:00,NBA:Celtics-Knicks,NBA,ALT_SPREAD,Knicks,225,107.3,56.807,65,demo
2026-09-26T15:12:23+00:00,NBA:Celtics-Knicks,NBA,ALT_TOTAL,Over,216,92.7,64.012,65,demo
2026-09-26T15:12:23+00:00,NBA:Celtics-Knicks,NBA,ALT_TOTAL,Under,241,107.9,64.012,65,demo
2026-09-26T15:12:23+00:00,NBA:Celtics-Knicks,NBA,FIRST_HALF,Over,180,95.2,43.415,65,demo
2026-09-26T15:12:23+00:00,NBA:Celtics-Knicks,NBA,FIRST_HALF,Under,194,105.0,43.415,65,demo
2026-09-26T15:12:23+00:00,NBA:Celtics-Knicks,NBA,MARGIN_BAND,Over,216,102.9,55.717,65,demo
2026-09-26T15:12:23+00:00,NBA:Celtics-Knicks,NBA,MARGIN_BAND,Under,207,97.2,55.717,65,demo
2026-09-26T15:12:23+00:00,NBA:Celtics-Knicks,NBA,ML,Celtics,640,324.6,74.298,65,demo
2026-09-26T15:12:23+00:00,NBA:Celtics-Knicks,NBA,ML,Knicks,128,30.8,74.298,65,demo
2026-09-26T15:12:23+00:00,NBA:Celtics-Knicks,NBA,QUARTER_ML,Over,237,103.4,65.704,65,demo
2026-09-26T15:12:23+00:00,NBA:Celtics-Knicks,NBA,QUARTER_ML,Under,226,96.7,65.704,65,demo
2026-09-26T15:12:23+00:00,NBA:Celtics-Knicks,NBA,SPREAD,Celtics,212,111.8,47.289,65,demo
2026-09-26T15:12:23+00:00,NBA:Celtics-Knicks,NBA,SPREAD,Knicks,179,89.4,47.289,65,demo
2026-09-26T15:12:23+00:00,NBA:Celtics-Knicks,NBA,TEAMS_1Q,Over,214,103.3,54.46,65,demo
2026-09-26T15:12:23+00:00,NBA:Celtics-Knicks,NBA,TEAMS_1Q,Under,204,96.8,54.46,65,demo
2026-09-26T15:12:23+00:00,NBA:Celtics-Knicks,NBA,TEAM_TOTAL,Over,197,84.9,60.665,65,demo
2026-09-26T15:12:23+00:00,NBA:Celtics-Knicks,NBA,TEAM_TOTAL,Under,250,117.8,60.665,65,demo
2026-09-26T15:12:23+00:00,NBA:Celtics-Knicks,NBA,TOTAL,Over,199,92.0,55.729,65,demo
2026-09-26T15:12:23+00:00,NBA:Celtics-Knicks,NBA,TOTAL,Under,225,108.7,55.729,65,demo
2026-09-26T15:12:23+00:00,NBA:Thunder-Nuggets,NBA,WIN_PROPS,Devin Booker,137,99.6,18.749,85,demo
2026-09-26T15:12:23+00:00,NBA:Thunder-Nuggets,NBA,WIN_PROPS,Field,138,100.4,18.749,85,demo
2026-09-26T15:12:23+00:00,NBA:Thunder-Nuggets,NBA,WIN_PROPS,Nikola Jokic,160,109.7,23.984,85,demo
2026-09-26T15:12:23+00:00,NBA:Thunder-Nuggets,NBA,WIN_PROPS,Shai Gilgeous-Alexander,133,98.3,17.491,85,demo
2026-09-26T15:12:23+00:00,NBA:Thunder-Nuggets,NBA,PARLAY_PROXY,Devin Booker,167,71.8,55.437,75,demo
2026-09-26T15:12:23+00:00,NBA:Thunder-Nuggets,NBA,PARLAY_PROXY,Nikola Jokic,272,139.3,55.437,75,demo
2026-09-26T15:12:23+00:00,NBA:Thunder-Nuggets,NBA,PARLAY_PROXY,Shai Gilgeous-Alexander,225,121.7,46.579,75,demo
2026-09-26T15:12:23+00:00,NBA:Thunder-Nuggets,NBA,PLAYER_AST,Devin Booker,289,116.8,79.414,75,demo
2026-09-26T15:12:23+00:00,NBA:Thunder-Nuggets,NBA,PLAYER_AST,Nikola Jokic,233,85.6,79.414,75,demo
2026-09-26T15:12:23+00:00,NBA:Thunder-Nuggets,NBA,PLAYER_AST,Shai Gilgeous-Alexander,195,75.8,67.77,75,demo
2026-09-26T15:12:23+00:00,NBA:Thunder-Nuggets,NBA,PLAYER_PTS,Devin Booker,215,104.7,53.92,75,demo
2026-09-26T15:12:23+00:00,NBA:Thunder-Nuggets,NBA,PLAYER_PTS,Nikola Jokic,201,95.6,53.92,75,demo
2026-09-26T15:12:23+00:00,NBA:Thunder-Nuggets,NBA,PLAYER_PTS,Shai Gilgeous-Alexander,208,97.8,55.73,75,demo
2026-09-26T15:12:23+00:00,NBA:Thunder-Nuggets,NBA,PLAYER_REB,Devin Booker,261,122.4,62.34,75,demo
2026-09-26T15:12:23+00:00,NBA:Thunder-Nuggets,NBA,PLAYER_REB,Nikola Jokic,195,81.7,62.34,75,demo
2026-09-26T15:12:23+00:00,NBA:Thunder-Nuggets,NBA,PLAYER_REB,Shai Gilgeous-Alexander,172,75.3,55.122,75,demo
2026-09-26T15:12:23+00:00,NBA:Thunder-Nuggets,NBA,ALT_SPREAD,Nuggets,232,99.7,66.25,65,demo
2026-09-26T15:12:23+00:00,NBA:Thunder-Nuggets,NBA,ALT_SPREAD,Thunder,233,100.3,66.25,65,demo
2026-09-26T15:12:23+00:00,NBA:Thunder-Nuggets,NBA,ALT_TOTAL,Over,234,103.1,64.462,65,demo
2026-09-26T15:12:23+00:00,NBA:Thunder-Nuggets,NBA,ALT_TOTAL,Under,224,97.0,64.462,65,demo
2026-09-26T15:12:23+00:00,NBA:Thunder-Nuggets,NBA,FIRST_HALF,Over,247,123.9,54.96,65,demo
2026-09-26T15:12:23+00:00,NBA:Thunder-Nuggets,NBA,FIRST_HALF,Under,180,80.7,54.96,65,demo
2026-09-26T15:12:23+00:00,NBA:Thunder-Nuggets,NBA,MARGIN_BAND,Over,228,108.6,57.232,65,demo
2026-09-26T15:12:23+00:00,NBA:Thunder-Nuggets,NBA,MARGIN_BAND,Under,202,92.1,57.232,65,demo
2026-09-26T15:12:23+00:00,NBA:Thunder-Nuggets,NBA,ML,Nuggets,138,45.0,64.149,65,demo
2026-09-26T15:12:23+00:00,NBA:Thunder-Nuggets,NBA,ML,Thunder,429,222.3,64.149,65,demo
2026-09-26T15:12:23+00:00,NBA:Thunder-Nuggets,NBA,QUARTER_ML,Over,249,104.8,70.406,65,demo
2026-09-26T15:12:23+00:00,NBA:Thunder-Nuggets,NBA,QUARTER_ML,Under,233,95.4,70.406,65,demo
2026-09-26T15:12:23+00:00,NBA:Thunder-Nuggets,NBA,SPREAD,Nuggets,193,92.4,52.264,65,demo
2026-09-26T15:12:23+00:00,NBA:Thunder-Nuggets,NBA,SPREAD,Thunder,217,108.2,52.264,65,demo
2026-09-26T15:12:23+00:00,NBA:Thunder-Nuggets,NBA,TEAMS_1Q,Over,225,103.8,59.444,65,demo
2026-09-26T15:12:23+00:00,NBA:Thunder-Nuggets,NBA,TEAMS_1Q,Under,213,96.3,59.444,65,demo
2026-09-26T15:12:23+00:00,NBA:Thunder-Nuggets,NBA,TEAM_TOTAL,Over,218,97.0,61.461,65,demo
2026-09-26T15:12:23+00:00,NBA:Thunder-Nuggets,NBA,TEAM_TOTAL,Under,228,103.1,61.461,65,demo
2026-09-26T15:12:23+00:00,NBA:Thunder-Nuggets,NBA,TOTAL,Over,216,105.3,53.896,65,demo
2026-09-26T15:12:23+00:00,NBA:Thunder-Nuggets,NBA,TOTAL,Under,200,94.9,53.896,65,demo
2026-09-26T15:12:23+00:00,NBA:Timberwolves-Mavericks,NBA,WIN_PROPS,Anthony Edwards,145,102.5,20.981,85,demo
2026-09-26T15:12:23+00:00,NBA:Timberwolves-Mavericks,NBA,WIN_PROPS,Field,139,97.6,20.981,85,demo
2026-09-26T15:12:23+00:00,NBA:Timberwolves-Mavericks,NBA,WIN_PROPS,Luka Doncic,151,102.4,23.982,85,demo
2026-09-26T15:12:23+00:00,NBA:Timberwolves-Mavericks,NBA,WIN_PROPS,Tyrese Haliburton,125,91.8,17.287,85,demo
2026-09-26T15:12:23+00:00,NBA:Timberwolves-Mavericks,NBA,PARLAY_PROXY,Anthony Edwards,153,74.4,45.059,75,demo
2026-09-26T15:12:23+00:00,NBA:Timberwolves-Mavericks,NBA,PARLAY_PROXY,Luka Doncic,240,134.4,45.059,75,demo
2026-09-26T15:12:23+00:00,NBA:Timberwolves-Mavericks,NBA,PARLAY_PROXY,Tyrese Haliburton,178,109.9,32.456,75,demo
2026-09-26T15:12:23+00:00,NBA:Timberwolves-Mavericks,NBA,PLAYER_AST,Anthony Edwards,308,124.4,81.826,75,demo
2026-09-26T15:12:23+00:00,NBA:Timberwolves-Mavericks,NBA,PLAYER_AST,Luka Doncic,228,80.4,81.826,75,demo
2026-09-26T15:12:23+00:00,NBA:Timberwolves-Mavericks,NBA,PLAYER_AST,Tyrese Haliburton,263,89.0,92.093,75,demo
2026-09-26T15:12:23+00:00,NBA:Timberwolves-Mavericks,NBA,PLAYER_PTS,Anthony Edwards,261,122.0,62.642,75,demo
2026-09-26T15:12:23+00:00,NBA:Timberwolves-Mavericks,NBA,PLAYER_PTS,Luka Doncic,196,82.0,62.642,75,demo
2026-09-26T15:12:23+00:00,NBA:Timberwolves-Mavericks,NBA,PLAYER_PTS,Tyrese Haliburton,248,96.4,77.19,75,demo
2026-09-26T15:12:23+00:00,NBA:Timberwolves-Mavericks,NBA,PLAYER_REB,Anthony Edwards,289,99.0,95.495,75,demo
2026-09-26T15:12:23+00:00,NBA:Timberwolves-Mavericks,NBA,PLAYER_REB,Luka Doncic,293,101.0,95.495,75,demo
2026-09-26T15:12:23+00:00,NBA:Timberwolves-Mavericks,NBA,PLAYER_REB,Tyrese Haliburton,178,71.5,62.132,75,demo
2026-09-26T15:12:23+00:00,NBA:Timberwolves-Mavericks,NBA,ALT_SPREAD,Mavericks,219,101.3,58.494,65,demo
2026-09-26T15:12:23+00:00,NBA:Timberwolves-Mavericks,NBA,ALT_SPREAD,Timberwolves,215,98.7,58.494,65,demo
2026-09-26T15:12:23+00:00,NBA:Timberwolves-Mavericks,NBA,ALT_TOTAL,Over,238,102.4,66.976,65,demo
2026-09-26T15:12:23+00:00,NBA:Timberwolves-Mavericks,NBA,ALT_TOTAL,Under,230,97.6,66.976,65,demo
2026-09-26T15:12:23+00:00,NBA:Timberwolves-Mavericks,NBA,FIRST_HALF,Over,205,97.1,54.717,65,demo
2026-09-26T15:12:23+00:00,NBA:Timberwolves-Mavericks,NBA,FIRST_HALF,Under,214,103.0,54.717,65,demo
2026-09-26T15:12:23+00:00,NBA:Timberwolves-Mavericks,NBA,MARGIN_BAND,Over,214,96.6,59.703,65,demo
2026-09-26T15:12:23+00:00,NBA:Timberwolves-Mavericks,NBA,MARGIN_BAND,Under,225,103.5,59.703,65,demo
2026-09-26T15:12:23+00:00,NBA:Timberwolves-Mavericks,NBA,ML,Mavericks,589,295.7,74.118,65,demo
2026-09-26T15:12:23+00:00,NBA:Timberwolves-Mavericks,NBA,ML,Timberwolves,133,33.8,74.118,65,demo
2026-09-26T15:12:23+00:00,NBA:Timberwolves-Mavericks,NBA,QUARTER_ML,Over,243,109.9,63.383,65,demo
2026-09-26T15:12:23+00:00,NBA:Timberwolves-Mavericks,NBA,QUARTER_ML,Under,212,91.0,63.383,65,demo
2026-09-26T15:12:23+00:00,NBA:Timberwolves-Mavericks,NBA,SPREAD,Mavericks,184,87.1,51.777,65,demo
2026-09-26T15:12:23+00:00,NBA:Timberwolves-Mavericks,NBA,SPREAD,Timberwolves,226,114.8,51.777,65,demo
2026-09-26T15:12:23+00:00,NBA:Timberwolves-Mavericks,NBA,TEAMS_1Q,Over,223,99.7,61.75,65,demo
2026-09-26T15:12:23+00:00,NBA:Timberwolves-Mavericks,NBA,TEAMS_1Q,Under,224,100.3,61.75,65,demo
2026-09-26T15:12:23+00:00,NBA:Timberwolves-Mavericks,NBA,TEAM_TOTAL,Over,229,106.1,59.609,65,demo
2026-09-26T15:12:23+00:00,NBA:Timberwolves-Mavericks,NBA,TEAM_TOTAL,Under,210,94.2,59.609,65,demo
2026-09-26T15:12:23+00:00,NBA:Timberwolves-Mavericks,NBA,TOTAL,Over,264,130.5,57.941,65,demo
2026-09-26T15:12:23+00:00,NBA:Timberwolves-Mavericks,NBA,TOTAL,Under,179,76.6,57.941,65,demo
2026-09-26T15:12:23+00:00,NFL:Bills-Buccaneers,NFL,WIN_PROPS,Brock Purdy,146,109.8,17.243,85,demo
2026-09-26T15:12:23+00:00,NFL:Bills-Buccaneers,NFL,WIN_PROPS,Field,124,91.1,17.243,85,demo
2026-09-26T15:12:23+00:00,NFL:Bills-Buccaneers,NFL,WIN_PROPS,Josh Allen,142,98.4,21.992,85,demo
2026-09-26T15:12:23+00:00,NFL:Bills-Buccaneers,NFL,WIN_PROPS,Justin Jefferson,154,103.3,24.968,85,demo
2026-09-26T15:12:23+00:00,NFL:Bills-Buccaneers,NFL,PARLAY_PROXY,Brock Purdy,181,87.5,49.836,75,demo
2026-09-26T15:12:23+00:00,NFL:Bills-Buccaneers,NFL,PARLAY_PROXY,Josh Allen,221,114.2,49.836,75,demo
2026-09-26T15:12:23+00:00,NFL:Bills-Buccaneers,NFL,PARLAY_PROXY,Justin Jefferson,297,141.3,64.538,75,demo
2026-09-26T15:12:23+00:00,NFL:Bills-Buccaneers,NFL,PLAYER_AST,Brock Purdy,180,84.1,52.104,75,demo
2026-09-26T15:12:23+00:00,NFL:Bills-Buccaneers,NFL,PLAYER_AST,Josh Allen,233,118.9,52.104,75,demo
2026-09-26T15:12:23+00:00,NFL:Bills-Buccaneers,NFL,PLAYER_AST,Justin Jefferson,164,94.3,35.882,75,demo
2026-09-26T15:12:23+00:00,NFL:Bills-Buccaneers,NFL,PLAYER_PTS,Brock Purdy,270,99.2,85.747,75,demo
2026-09-26T15:12:23+00:00,NFL:Bills-Buccaneers,NFL,PLAYER_PTS,Josh Allen,273,100.8,85.747,75,demo
2026-09-26T15:12:23+00:00,NFL:Bills-Buccaneers,NFL,PLAYER_PTS,Justin Jefferson,243,92.7,77.994,75,demo
2026-09-26T15:12:23+00:00,NFL:Bills-Buccaneers,NFL,PLAYER_REB,Brock Purdy,244,126.9,51.584,75,demo
2026-09-26T15:12:23+00:00,NFL:Bills-Buccaneers,NFL,PLAYER_REB,Josh Allen,171,78.8,51.584,75,demo
2026-09-26T15:12:23+00:00,NFL:Bills-Buccaneers,NFL,PLAYER_REB,Justin Jefferson,280,110.5,80.552,75,demo
2026-09-26T15:12:23+00:00,NFL:Bills-Buccaneers,NFL,ALT_SPREAD,Bills,213,94.6,60.874,65,demo
2026-09-26T15:12:23+00:00,NFL:Bills-Buccaneers,NFL,ALT_SPREAD,Buccaneers,231,105.8,60.874,65,demo
2026-09-26T15:12:23+00:00,NFL:Bills-Buccaneers,NFL,ALT_TOTAL,Over,213,99.1,57.246,65,demo
2026-09-26T15:12:23+00:00,NFL:Bills-Buccaneers,NFL,ALT_TOTAL,Under,216,101.0,57.246,65,demo
2026-09-26T15:12:23+00:00,NFL:Bills-Buccaneers,NFL,FIRST_HALF,Over,220,94.7,64.377,65,demo
2026-09-26T15:12:23+00:00,NFL:Bills-Buccaneers,NFL,FIRST_HALF,Under,238,105.6,64.377,65,demo
2026-09-26T15:12:23+00:00,NFL:Bills-Buccaneers,NFL,MARGIN_BAND,Over,218,100.3,58.75,65,demo
2026-09-26T15:12:23+00:00,NFL:Bills-Buccaneers,NFL,MARGIN_BAND,Under,217,99.7,58.75,65,demo
2026-09-26T15:12:23+00:00,NFL:Bills-Buccaneers,NFL,ML,Bills,263,126.5,60.278,65,demo
2026-09-26T15:12:23+00:00,NFL:Bills-Buccaneers,NFL,ML,Buccaneers,187,79.1,60.278,65,demo
2026-09-26T15:12:23+00:00,NFL:Bills-Buccaneers,NFL,QUARTER_ML,Over,186,91.1,49.673,65,demo
2026-09-26T15:12:23+00:00,NFL:Bills-Buccaneers,NFL,QUARTER_ML,Under,214,109.8,49.673,65,demo
2026-09-26T15:12:23+00:00,NFL:Bills-Buccaneers,NFL,SPREAD,Bills,228,107.2,58.309,65,demo
2026-09-26T15:12:23+00:00,NFL:Bills-Buccaneers,NFL,SPREAD,Buccaneers,206,93.3,58.309,65,demo
2026-09-26T15:12:23+00:00,NFL:Bills-Buccaneers,NFL,TEAMS_1Q,Over,246,119.7,57.471,65,demo
2026-09-26T15:12:23+00:00,NFL:Bills-Buccaneers,NFL,TEAMS_1Q,Under,189,83.5,57.471,65,demo
2026-09-26T15:12:23+00:00,NFL:Bills-Buccaneers,NFL,TEAM_TOTAL,Over,207,92.5,59.505,65,demo
2026-09-26T15:12:23+00:00,NFL:Bills-Buccaneers,NFL,TEAM_TOTAL,Under,232,108.1,59.505,65,demo
2026-09-26T15:12:23+00:00,NFL:Bills-Buccaneers,NFL,TOTAL,Over,191,96.0,48.439,65,demo
2026-09-26T15:12:23+00:00,NFL:Bills-Buccaneers,NFL,TOTAL,Under,203,104.1,48.439,65,demo
2026-09-26T15:12:23+00:00,NFL:Chiefs-Ravens,NFL,WIN_PROPS,Ja'Marr Chase,164,106.9,27.609,85,demo
2026-09-26T15:12:23+00:00,NFL:Chiefs-Ravens,NFL,WIN_PROPS,Field,147,93.6,27.609,85,demo
2026-09-26T15:12:23+00:00,NFL:Chiefs-Ravens,NFL,WIN_PROPS,Patrick Mahomes,128,86.4,22.341,85,demo
2026-09-26T15:12:23+00:00,NFL:Chiefs-Ravens,NFL,WIN_PROPS,Saquon Barkley,144,92.4,26.803,85,demo
2026-09-26T15:12:23+00:00,NFL:Chiefs-Ravens,NFL,PARLAY_PROXY,Ja'Marr Chase,237,91.1,76.365,75,demo
2026-09-26T15:12:23+00:00,NFL:Chiefs-Ravens,NFL,PARLAY_PROXY,Patrick Mahomes,270,109.8,76.365,75,demo
2026-09-26T15:12:23+00:00,NFL:Chiefs-Ravens,NFL,PARLAY_PROXY,Saquon Barkley,231,98.2,66.987,75,demo
2026-09-26T15:12:23+00:00,NFL:Chiefs-Ravens,NFL,PLAYER_AST,Ja'Marr Chase,255,103.8,74.189,75,demo
2026-09-26T15:12:23+00:00,NFL:Chiefs-Ravens,NFL,PLAYER_AST,Patrick Mahomes,242,96.3,74.189,75,demo
2026-09-26T15:12:23+00:00,NFL:Chiefs-Ravens,NFL,PLAYER_AST,Saquon Barkley,301,113.0,88.3,75,demo
2026-09-26T15:12:23+00:00,NFL:Chiefs-Ravens,NFL,PLAYER_PTS,Ja'Marr Chase,177,69.1,63.83,75,demo
2026-09-26T15:12:23+00:00,NFL:Chiefs-Ravens,NFL,PLAYER_PTS,Patrick Mahomes,301,144.8,63.83,75,demo
2026-09-26T15:12:23+00:00,NFL:Chiefs-Ravens,NFL,PLAYER_PTS,Saquon Barkley,232,119.9,51.008,75,demo
2026-09-26T15:12:23+00:00,NFL:Chiefs-Ravens,NFL,PLAYER_REB,Ja'Marr Chase,274,110.7,77.545,75,demo
2026-09-26T15:12:23+00:00,NFL:Chiefs-Ravens,NFL,PLAYER_REB,Patrick Mahomes,238,90.4,77.545,75,demo
2026-09-26T15:12:23+00:00,NFL:Chiefs-Ravens,NFL,PLAYER_REB,Saquon Barkley,177,74.1,59.137,75,demo
2026-09-26T15:12:23+00:00,NFL:Chiefs-Ravens,NFL,ALT_SPREAD,Chiefs,243,115.5,59.173,65,demo
2026-09-26T15:12:23+00:00,NFL:Chiefs-Ravens,NFL,ALT_SPREAD,Ravens,197,86.6,59.173,65,demo
2026-09-26T15:12:23+00:00,NFL:Chiefs-Ravens,NFL,ALT_TOTAL,Over,241,106.9,64.817,65,demo
2026-09-26T15:12:23+00:00,NFL:Chiefs-Ravens,NFL,ALT_TOTAL,Under,219,93.5,64.817,65,demo
2026-09-26T15:12:23+00:00,NFL:Chiefs-Ravens,NFL,FIRST_HALF,Over,194,87.5,56.8,65,demo
2026-09-26T15:12:23+00:00,NFL:Chiefs-Ravens,NFL,FIRST_HALF,Under,236,114.3,56.8,65,demo
2026-09-26T15:12:23+00:00,NFL:Chiefs-Ravens,NFL,MARGIN_BAND,Over,221,100.9,59.746,65,demo
2026-09-26T15:12:23+00:00,NFL:Chiefs-Ravens,NFL,MARGIN_BAND,Under,218,99.1,59.746,65,demo
2026-09-26T15:12:23+00:00,NFL:Chiefs-Ravens,NFL,ML,Chiefs,200,98.0,51.485,65,demo
2026-09-26T15:12:23+00:00,NFL:Chiefs-Ravens,NFL,ML,Ravens,206,102.0,51.485,65,demo
2026-09-26T15:12:23+00:00,NFL:Chiefs-Ravens,NFL,QUARTER_ML,Over,216,99.4,58.498,65,demo
2026-09-26T15:12:23+00:00,NFL:Chiefs-Ravens,NFL,QUARTER_ML,Under,218,100.6,58.498,65,demo
2026-09-26T15:12:23+00:00,NFL:Chiefs-Ravens,NFL,SPREAD,Chiefs,219,104.6,55.921,65,demo
2026-09-26T15:12:23+00:00,NFL:Chiefs-Ravens,NFL,SPREAD,Ravens,205,95.6,55.921,65,demo
2026-09-26T15:12:23+00:00,NFL:Chiefs-Ravens,NFL,TEAMS_1Q,Over,220,95.2,63.902,65,demo
2026-09-26T15:12:23+00:00,NFL:Chiefs-Ravens,NFL,TEAMS_1Q,Under,236,105.0,63.902,65,demo
2026-09-26T15:12:23+00:00,NFL:Chiefs-Ravens,NFL,TEAM_TOTAL,Over,231,102.8,63.219,65,demo
2026-09-26T15:12:23+00:00,NFL:Chiefs-Ravens,NFL,TEAM_TOTAL,Under,222,97.3,63.219,65,demo
2026-09-26T15:12:23+00:00,NFL:Chiefs-Ravens,NFL,TOTAL,Over,189,102.8,42.472,65,demo
2026-09-26T15:12:23+00:00,NFL:Chiefs-Ravens,NFL,TOTAL,Under,181,97.2,42.472,65,demo
2026-09-26T15:13:02+00:00,NBA:Celtics-Knicks,NBA,WIN_PROPS,Anthony Edwards,140,103.9,17.707,85,demo
2026-09-26T15:13:02+00:00,NBA:Celtics-Knicks,NBA,WIN_PROPS,Field,131,96.2,17.707,85,demo
2026-09-26T15:13:02+00:00,NBA:Celtics-Knicks,NBA,WIN_PROPS,Giannis Antetokounmpo,162,109.2,25.259,85,demo
2026-09-26T15:13:02+00:00,NBA:Celtics-Knicks,NBA,WIN_PROPS,Jayson Tatum,163,109.6,25.487,85,demo
2026-09-26T15:13:02+00:00,NBA:Celtics-Knicks,NBA,PARLAY_PROXY,Anthony Edwards,179,109.0,33.503,75,demo
2026-09-26T15:13:02+00:00,NBA:Celtics-Knicks,NBA,PARLAY_PROXY,Giannis Antetokounmpo,156,91.8,33.503,75,demo
2026-09-26T15:13:02+00:00,NBA:Celtics-Knicks,NBA,PARLAY_PROXY,Jayson Tatum,259,128.7,56.992,75,demo
2026-09-26T15:13:02+00:00,NBA:Celtics-Knicks,NBA,PLAYER_AST,Anthony Edwards,159,84.9,40.062,75,demo
2026-09-26T15:13:02+00:00,NBA:Celtics-Knicks,NBA,PLAYER_AST,Giannis Antetokounmpo,205,117.8,40.062,75,demo
2026-09-26T15:13:02+00:00,NBA:Celtics-Knicks,NBA,PLAYER_AST,Jayson Tatum,215,121.6,42.134,75,demo
2026-09-26T15:13:02+00:00,NBA:Celtics-Knicks,NBA,PLAYER_PTS,Anthony Edwards,165,73.2,52.998,75,demo
2026-09-26T15:13:02+00:00,NBA:Celtics-Knicks,NBA,PLAYER_PTS,Giannis Antetokounmpo,262,136.6,52.998,75,demo
2026-09-26T15:13:02+00:00,NBA:Celtics-Knicks,NBA,PLAYER_PTS,Jayson Tatum,273,140.8,54.929,75,demo
2026-09-26T15:13:02+00:00,NBA:Celtics-Knicks,NBA,PLAYER_REB,Anthony Edwards,225,94.2,67.351,75,demo
2026-09-26T15:13:02+00:00,NBA:Celtics-Knicks,NBA,PLAYER_REB,Giannis Antetokounmpo,245,106.2,67.351,75,demo
2026-09-26T15:13:02+00:00,NBA:Celtics-Knicks,NBA,PLAYER_REB,Jayson Tatum,275,115.4,74.107,75,demo
2026-09-26T15:13:02+00:00,NBA:Celtics-Knicks,NBA,ALT_SPREAD,Celtics,203,93.2,56.807,65,demo
2026-09-26T15:13:02+00:00,NBA:Celtics-Knicks,NBA,ALT_SPREAD,Knicks,225,107.3,56.807,65,demo
2026-09-26T15:13:02+00:00,NBA:Celtics-Knicks,NBA,ALT_TOTAL,Over,216,92.7,64.012,65,demo
2026-09-26T15:13:02+00:00,NBA:Celtics-Knicks,NBA,ALT_TOTAL,Under,241,107.9,64.012,65,demo
2026-09-26T15:13:02+00:00,NBA:Celtics-Knicks,NBA,FIRST_HALF,Over,180,95.2,43.415,65,demo
2026-09-26T15:13:02+00:00,NBA:Celtics-Knicks,NBA,FIRST_HALF,Under,194,105.0,43.415,65,demo
2026-09-26T15:13:02+00:00,NBA:Celtics-Knicks,NBA,MARGIN_BAND,Over,216,102.9,55.717,65,demo
2026-09-26T15:13:02+00:00,NBA:Celtics-Knicks,NBA,MARGIN_BAND,Under,207,97.2,55.717,65,demo
2026-09-26T15:13:02+00:00,NBA:Celtics-Knicks,NBA,ML,Celtics,640,324.6,74.298,65,demo
2026-09-26T15:13:02+00:00,NBA:Celtics-Knicks,NBA,ML,Knicks,128,30.8,74.298,65,demo
2026-09-26T15:13:02+00:00,NBA:Celtics-Knicks,NBA,QUARTER_ML,Over,237,103.4,65.704,65,demo
2026-09-26T15:13:02+00:00,NBA:Celtics-Knicks,NBA,QUARTER_ML,Under,226,96.7,65.704,65,demo
2026-09-26T15:13:02+00:00,NBA:Celtics-Knicks,NBA,SPREAD,Celtics,212,111.8,47.289,65,demo
2026-09-26T15:13:02+00:00,NBA:Celtics-Knicks,NBA,SPREAD,Knicks,179,89.4,47.289,65,demo
2026-09-26T15:13:02+00:00,NBA:Celtics-Knicks,NBA,TEAMS_1Q,Over,214,103.3,54.46,65,demo
2026-09-26T15:13:02+00:00,NBA:Celtics-Knicks,NBA,TEAMS_1Q,Under,204,96.8,54.46,65,demo
2026-09-26T15:13:02+00:00,NBA:Celtics-Knicks,NBA,TEAM_TOTAL,Over,197,84.9,60.665,65,demo
2026-09-26T15:13:02+00:00,NBA:Celtics-Knicks,NBA,TEAM_TOTAL,Under,250,117.8,60.665,65,demo
2026-09-26T15:13:02+00:00,NBA:Celtics-Knicks,NBA,TOTAL,Over,199,92.0,55.729,65,demo
2026-09-26T15:13:02+00:00,NBA:Celtics-Knicks,NBA,TOTAL,Under,225,108.7,55.729,65,demo
2026-09-26T15:13:02+00:00,NBA:Thunder-Nuggets,NBA,WIN_PROPS,Devin Booker,137,99.6,18.749,85,demo
2026-09-26T15:13:02+00:00,NBA:Thunder-Nuggets,NBA,WIN_PROPS,Field,138,100.4,18.749,85,demo
2026-09-26T15:13:02+00:00,NBA:Thunder-Nuggets,NBA,WIN_PROPS,Nikola Jokic,160,109.7,23.984,85,demo
2026-09-26T15:13:02+00:00,NBA:Thunder-Nuggets,NBA,WIN_PROPS,Shai Gilgeous-Alexander,133,98.3,17.491,85,demo
2026-09-26T15:13:02+00:00,NBA:Thunder-Nuggets,NBA,PARLAY_PROXY,Devin Booker,167,71.8,55.437,75,demo
2026-09-26T15:13:02+00:00,NBA:Thunder-Nuggets,NBA,PARLAY_PROXY,Nikola Jokic,272,139.3,55.437,75,demo
2026-09-26T15:13:02+00:00,NBA:Thunder-Nuggets,NBA,PARLAY_PROXY,Shai Gilgeous-Alexander,225,121.7,46.579,75,demo
2026-09-26T15:13:02+00:00,NBA:Thunder-Nuggets,NBA,PLAYER_AST,Devin Booker,289,116.8,79.414,75,demo
2026-09-26T15:13:02+00:00,NBA:Thunder-Nuggets,NBA,PLAYER_AST,Nikola Jokic,233,85.6,79.414,75,demo
2026-09-26T15:13:02+00:00,NBA:Thunder-Nuggets,NBA,PLAYER_AST,Shai Gilgeous-Alexander,195,75.8,67.77,75,demo
2026-09-26T15:13:02+00:00,NBA:Thunder-Nuggets,NBA,PLAYER_PTS,Devin Booker,215,104.7,53.92,75,demo
2026-09-26T15:13:02+00:00,NBA:Thunder-Nuggets,NBA,PLAYER_PTS,Nikola Jokic,201,95.6,53.92,75,demo
2026-09-26T15:13:02+00:00,NBA:Thunder-Nuggets,NBA,PLAYER_PTS,Shai Gilgeous-Alexander,208,97.8,55.73,75,demo
2026-09-26T15:13:02+00:00,NBA:Thunder-Nuggets,NBA,PLAYER_REB,Devin Booker,261,122.4,62.34,75,demo
2026-09-26T15:13:02+00:00,NBA:Thunder-Nuggets,NBA,PLAYER_REB,Nikola Jokic,195,81.7,62.34,75,demo
2026-09-26T15:13:02+00:00,NBA:Thunder-Nuggets,NBA,PLAYER_REB,Shai Gilgeous-Alexander,172,75.3,55.122,75,demo
2026-09-26T15:13:02+00:00,NBA:Thunder-Nuggets,NBA,ALT_SPREAD,Nuggets,232,99.7,66.25,65,demo
2026-09-26T15:13:02+00:00,NBA:Thunder-Nuggets,NBA,ALT_SPREAD,Thunder,233,100.3,66.25,65,demo
2026-09-26T15:13:02+00:00,NBA:Thunder-Nuggets,NBA,ALT_TOTAL,Over,234,103.1,64.462,65,demo
2026-09-26T15:13:02+00:00,NBA:Thunder-Nuggets,NBA,ALT_TOTAL,Under,224,97.0,64.462,65,demo
2026-09-26T15:13:02+00:00,NBA:Thunder-Nuggets,NBA,FIRST_HALF,Over,247,123.9,54.96,65,demo
2026-09-26T15:13:02+00:00,NBA:Thunder-Nuggets,NBA,FIRST_HALF,Under,180,80.7,54.96,65,demo
2026-09-26T15:13:02+00:00,NBA:Thunder-Nuggets,NBA,MARGIN_BAND,Over,228,108.6,57.232,65,demo
2026-09-26T15:13:02+00:00,NBA:Thunder-Nuggets,NBA,MARGIN_BAND,Under,202,92.1,57.232,65,demo
2026-09-26T15:13:02+00:00,NBA:Thunder-Nuggets,NBA,ML,Nuggets,138,45.0,64.149,65,demo
2026-09-26T15:13:02+00:00,NBA:Thunder-Nuggets,NBA,ML,Thunder,429,222.3,64.149,65,demo
2026-09-26T15:13:02+00:00,NBA:Thunder-Nuggets,NBA,QUARTER_ML,Over,249,104.8,70.406,65,demo
2026-09-26T15:13:02+00:00,NBA:Thunder-Nuggets,NBA,QUARTER_ML,Under,233,95.4,70.406,65,demo
2026-09-26T15:13:02+00:00,NBA:Thunder-Nuggets,NBA,SPREAD,Nuggets,193,92.4,52.264,65,demo
2026-09-26T15:13:02+00:00,NBA:Thunder-Nuggets,NBA,SPREAD,Thunder,217,108.2,52.264,65,demo
2026-09-26T15:13:02+00:00,NBA:Thunder-Nuggets,NBA,TEAMS_1Q,Over,225,103.8,59.444,65,demo
2026-09-26T15:13:02+00:00,NBA:Thunder-Nuggets,NBA,TEAMS_1Q,Under,213,96.3,59.444,65,demo
2026-09-26T15:13:02+00:00,NBA:Thunder-Nuggets,NBA,TEAM_TOTAL,Over,218,97.0,61.461,65,demo
2026-09-26T15:13:02+00:00,NBA:Thunder-Nuggets,NBA,TEAM_TOTAL,Under,228,103.1,61.461,65,demo
2026-09-26T15:13:02+00:00,NBA:Thunder-Nuggets,NBA,TOTAL,Over,216,105.3,53.896,65,demo
2026-09-26T15:13:02+00:00,NBA:Thunder-Nuggets,NBA,TOTAL,Under,200,94.9,53.896,65,demo
2026-09-26T15:13:02+00:00,NBA:Timberwolves-Mavericks,NBA,WIN_PROPS,Anthony Edwards,145,102.5,20.981,85,demo
2026-09-26T15:13:02+00:00,NBA:Timberwolves-Mavericks,NBA,WIN_PROPS,Field,139,97.6,20.981,85,demo
2026-09-26T15:13:02+00:00,NBA:Timberwolves-Mavericks,NBA,WIN_PROPS,Luka Doncic,151,102.4,23.982,85,demo
2026-09-26T15:13:02+00:00,NBA:Timberwolves-Mavericks,NBA,WIN_PROPS,Tyrese Haliburton,125,91.8,17.287,85,demo
2026-09-26T15:13:02+00:00,NBA:Timberwolves-Mavericks,NBA,PARLAY_PROXY,Anthony Edwards,153,74.4,45.059,75,demo
2026-09-26T15:13:02+00:00,NBA:Timberwolves-Mavericks,NBA,PARLAY_PROXY,Luka Doncic,240,134.4,45.059,75,demo
2026-09-26T15:13:02+00:00,NBA:Timberwolves-Mavericks,NBA,PARLAY_PROXY,Tyrese Haliburton,178,109.9,32.456,75,demo
2026-09-26T15:13:02+00:00,NBA:Timberwolves-Mavericks,NBA,PLAYER_AST,Anthony Edwards,308,124.4,81.826,75,demo
2026-09-26T15:13:02+00:00,NBA:Timberwolves-Mavericks,NBA,PLAYER_AST,Luka Doncic,228,80.4,81.826,75,demo
2026-09-26T15:13:02+00:00,NBA:Timberwolves-Mavericks,NBA,PLAYER_AST,Tyrese Haliburton,263,89.0,92.093,75,demo
2026-09-26T15:13:02+00:00,NBA:Timberwolves-Mavericks,NBA,PLAYER_PTS,Anthony Edwards,261,122.0,62.642,75,demo
2026-09-26T15:13:02+00:00,NBA:Timberwolves-Mavericks,NBA,PLAYER_PTS,Luka Doncic,196,82.0,62.642,75,demo
2026-09-26T15:13:02+00:00,NBA:Timberwolves-Mavericks,NBA,PLAYER_PTS,Tyrese Haliburton,248,96.4,77.19,75,demo
2026-09-26T15:13:02+00:00,NBA:Timberwolves-Mavericks,NBA,PLAYER_REB,Anthony Edwards,289,99.0,95.495,75,demo
2026-09-26T15:13:02+00:00,NBA:Timberwolves-Mavericks,NBA,PLAYER_REB,Luka Doncic,293,101.0,95.495,75,demo
2026-09-26T15:13:02+00:00,NBA:Timberwolves-Mavericks,NBA,PLAYER_REB,Tyrese Haliburton,178,71.5,62.132,75,demo
2026-09-26T15:13:02+00:00,NBA:Timberwolves-Mavericks,NBA,ALT_SPREAD,Mavericks,219,101.3,58.494,65,demo
2026-09-26T15:13:02+00:00,NBA:Timberwolves-Mavericks,NBA,ALT_SPREAD,Timberwolves,215,98.7,58.494,65,demo
2026-09-26T15:13:02+00:00,NBA:Timberwolves-Mavericks,NBA,ALT_TOTAL,Over,238,102.4,66.976,65,demo
2026-09-26T15:13:02+00:00,NBA:Timberwolves-Mavericks,NBA,ALT_TOTAL,Under,230,97.6,66.976,65,demo
2026-09-26T15:13:02+00:00,NBA:Timberwolves-Mavericks,NBA,FIRST_HALF,Over,205,97.1,54.717,65,demo
2026-09-26T15:13:02+00:00,NBA:Timberwolves-Mavericks,NBA,FIRST_HALF,Under,214,103.0,54.717,65,demo
2026-09-26T15:13:02+00:00,NBA:Timberwolves-Mavericks,NBA,MARGIN_BAND,Over,214,96.6,59.703,65,demo
2026-09-26T15:13:02+00:00,NBA:Timberwolves-Mavericks,NBA,MARGIN_BAND,Under,225,103.5,59.703,65,demo
2026-09-26T15:13:02+00:00,NBA:Timberwolves-Mavericks,NBA,ML,Mavericks,589,295.7,74.118,65,demo
2026-09-26T15:13:02+00:00,NBA:Timberwolves-Mavericks,NBA,ML,Timberwolves,133,33.8,74.118,65,demo
2026-09-26T15:13:02+00:00,NBA:Timberwolves-Mavericks,NBA,QUARTER_ML,Over,243,109.9,63.383,65,demo
2026-09-26T15:13:02+00:00,NBA:Timberwolves-Mavericks,NBA,QUARTER_ML,Under,212,91.0,63.383,65,demo
2026-09-26T15:13:02+00:00,NBA:Timberwolves-Mavericks,NBA,SPREAD,Mavericks,184,87.1,51.777,65,demo
2026-09-26T15:13:02+00:00,NBA:Timberwolves-Mavericks,NBA,SPREAD,Timberwolves,226,114.8,51.777,65,demo
2026-09-26T15:13:02+00:00,NBA:Timberwolves-Mavericks,NBA,TEAMS_1Q,Over,223,99.7,61.75,65,demo
2026-09-26T15:13:02+00:00,NBA:Timberwolves-Mavericks,NBA,TEAMS_1Q,Under,224,100.3,61.75,65,demo
2026-09-26T15:13:02+00:00,NBA:Timberwolves-Mavericks,NBA,TEAM_TOTAL,Over,229,106.1,59.609,65,demo
2026-09-26T15:13:02+00:00,NBA:Timberwolves-Mavericks,NBA,TEAM_TOTAL,Under,210,94.2,59.609,65,demo
2026-09-26T15:13:02+00:00,NBA:Timberwolves-Mavericks,NBA,TOTAL,Over,264,130.5,57.941,65,demo
2026-09-26T15:13:02+00:00,NBA:Timberwolves-Mavericks,NBA,TOTAL,Under,179,76.6,57.941,65,demo
2026-09-26T15:13:02+00:00,NFL:Bills-Buccaneers,NFL,WIN_PROPS,Brock Purdy,146,109.8,17.243,85,demo
2026-09-26T15:13:02+00:00,NFL:Bills-Buccaneers,NFL,WIN_PROPS,Field,124,91.1,17.243,85,demo
2026-09-26T15:13:02+00:00,NFL:Bills-Buccaneers,NFL,WIN_PROPS,Josh Allen,142,98.4,21.992,85,demo
2026-09-26T15:13:02+00:00,NFL:Bills-Buccaneers,NFL,WIN_PROPS,Justin Jefferson,154,103.3,24.968,85,demo
2026-09-26T15:13:02+00:00,NFL:Bills-Buccaneers,NFL,PARLAY_PROXY,Brock Purdy,181,87.5,49.836,75,demo
2026-09-26T15:13:02+00:00,NFL:Bills-Buccaneers,NFL,PARLAY_PROXY,Josh Allen,221,114.2,49.836,75,demo
2026-09-26T15:13:02+00:00,NFL:Bills-Buccaneers,NFL,PARLAY_PROXY,Justin Jefferson,297,141.3,64.538,75,demo
2026-09-26T15:13:02+00:00,NFL:Bills-Buccaneers,NFL,PLAYER_AST,Brock Purdy,180,84.1,52.104,75,demo
2026-09-26T15:13:02+00:00,NFL:Bills-Buccaneers,NFL,PLAYER_AST,Josh Allen,233,118.9,52.104,75,demo
2026-09-26T15:13:02+00:00,NFL:Bills-Buccaneers,NFL,PLAYER_AST,Justin Jefferson,164,94.3,35.882,75,demo
2026-09-26T15:13:02+00:00,NFL:Bills-Buccaneers,NFL,PLAYER_PTS,Brock Purdy,270,99.2,85.747,75,demo
2026-09-26T15:13:02+00:00,NFL:Bills-Buccaneers,NFL,PLAYER_PTS,Josh Allen,273,100.8,85.747,75,demo
2026-09-26T15:13:02+00:00,NFL:Bills-Buccaneers,NFL,PLAYER_PTS,Justin Jefferson,243,92.7,77.994,75,demo
2026-09-26T15:13:02+00:00,NFL:Bills-Buccaneers,NFL,PLAYER_REB,Brock Purdy,244,126.9,51.584,75,demo
2026-09-26T15:13:02+00:00,NFL:Bills-Buccaneers,NFL,PLAYER_REB,Josh Allen,171,78.8,51.584,75,demo
2026-09-26T15:13:02+00:00,NFL:Bills-Buccaneers,NFL,PLAYER_REB,Justin Jefferson,280,110.5,80.552,75,demo
2026-09-26T15:13:02+00:00,NFL:Bills-Buccaneers,NFL,ALT_SPREAD,Bills,213,94.6,60.874,65,demo
2026-09-26T15:13:02+00:00,NFL:Bills-Buccaneers,NFL,ALT_SPREAD,Buccaneers,231,105.8,60.874,65,demo
2026-09-26T15:13:02+00:00,NFL:Bills-Buccaneers,NFL,ALT_TOTAL,Over,213,99.1,57.246,65,demo
2026-09-26T15:13:02+00:00,NFL:Bills-Buccaneers,NFL,ALT_TOTAL,Under,216,101.0,57.246,65,demo
2026-09-26T15:13:02+00:00,NFL:Bills-Buccaneers,NFL,FIRST_HALF,Over,220,94.7,64.377,65,demo
2026-09-26T15:13:02+00:00,NFL:Bills-Buccaneers,NFL,FIRST_HALF,Under,238,105.6,64.377,65,demo
2026-09-26T15:13:02+00:00,NFL:Bills-Buccaneers,NFL,MARGIN_BAND,Over,218,100.3,58.75,65,demo
2026-09-26T15:13:02+00:00,NFL:Bills-Buccaneers,NFL,MARGIN_BAND,Under,217,99.7,58.75,65,demo
2026-09-26T15:13:02+00:00,NFL:Bills-Buccaneers,NFL,ML,Bills,263,126.5,60.278,65,demo
2026-09-26T15:13:02+00:00,NFL:Bills-Buccaneers,NFL,ML,Buccaneers,187,79.1,60.278,65,demo
2026-09-26T15:13:02+00:00,NFL:Bills-Buccaneers,NFL,QUARTER_ML,Over,186,91.1,49.673,65,demo
2026-09-26T15:13:02+00:00,NFL:Bills-Buccaneers,NFL,QUARTER_ML,Under,214,109.8,49.673,65,demo
2026-09-26T15:13:02+00:00,NFL:Bills-Buccaneers,NFL,SPREAD,Bills,228,107.2,58.309,65,demo
2026-09-26T15:13:02+00:00,NFL:Bills-Buccaneers,NFL,SPREAD,Buccaneers,206,93.3,58.309,65,demo
2026-09-26T15:13:02+00:00,NFL:Bills-Buccaneers,NFL,TEAMS_1Q,Over,246,119.7,57.471,65,demo
2026-09-26T15:13:02+00:00,NFL:Bills-Buccaneers,NFL,TEAMS_1Q,Under,189,83.5,57.471,65,demo
2026-09-26T15:13:02+00:00,NFL:Bills-Buccaneers,NFL,TEAM_TOTAL,Over,207,92.5,59.505,65,demo
2026-09-26T15:13:02+00:00,NFL:Bills-Buccaneers,NFL,TEAM_TOTAL,Under,232,108.1,59.505,65,demo
2026-09-26T15:13:02+00:00,NFL:Bills-Buccaneers,NFL,TOTAL,Over,191,96.0,48.439,65,demo
2026-09-26T15:13:02+00:00,NFL:Bills-Buccaneers,NFL,TOTAL,Under,203,104.1,48.439,65,demo
2026-09-26T15:13:02+00:00,NFL:Chiefs-Ravens,NFL,WIN_PROPS,Ja'Marr Chase,164,106.9,27.609,85,demo
2026-09-26T15:13:02+00:00,NFL:Chiefs-Ravens,NFL,WIN_PROPS,Field,147,93.6,27.609,85,demo
2026-09-26T15:13:02+00:00,NFL:Chiefs-Ravens,NFL,WIN_PROPS,Patrick Mahomes,128,86.4,22.341,85,demo
2026-09-26T15:13:02+00:00,NFL:Chiefs-Ravens,NFL,WIN_PROPS,Saquon Barkley,144,92.4,26.803,85,demo
2026-09-26T15:13:02+00:00,NFL:Chiefs-Ravens,NFL,PARLAY_PROXY,Ja'Marr Chase,237,91.1,76.365,75,demo
2026-09-26T15:13:02+00:00,NFL:Chiefs-Ravens,NFL,PARLAY_PROXY,Patrick Mahomes,270,109.8,76.365,75,demo
2026-09-26T15:13:02+00:00,NFL:Chiefs-Ravens,NFL,PARLAY_PROXY,Saquon Barkley,231,98.2,66.987,75,demo
2026-09-26T15:13:02+00:00,NFL:Chiefs-Ravens,NFL,PLAYER_AST,Ja'Marr Chase,255,103.8,74.189,75,demo
2026-09-26T15:13:02+00:00,NFL:Chiefs-Ravens,NFL,PLAYER_AST,Patrick Mahomes,242,96.3,74.189,75,demo
2026-09-26T15:13:02+00:00,NFL:Chiefs-Ravens,NFL,PLAYER_AST,Saquon Barkley,301,113.0,88.3,75,demo
2026-09-26T15:13:02+00:00,NFL:Chiefs-Ravens,NFL,PLAYER_PTS,Ja'Marr Chase,177,69.1,63.83,75,demo
2026-09-26T15:13:02+00:00,NFL:Chiefs-Ravens,NFL,PLAYER_PTS,Patrick Mahomes,301,144.8,63.83,75,demo
2026-09-26T15:13:02+00:00,NFL:Chiefs-Ravens,NFL,PLAYER_PTS,Saquon Barkley,232,119.9,51.008,75,demo
2026-09-26T15:13:02+00:00,NFL:Chiefs-Ravens,NFL,PLAYER_REB,Ja'Marr Chase,274,110.7,77.545,75,demo
2026-09-26T15:13:02+00:00,NFL:Chiefs-Ravens,NFL,PLAYER_REB,Patrick Mahomes,238,90.4,77.545,75,demo
2026-09-26T15:13:02+00:00,NFL:Chiefs-Ravens,NFL,PLAYER_REB,Saquon Barkley,177,74.1,59.137,75,demo
2026-09-26T15:13:02+00:00,NFL:Chiefs-Ravens,NFL,ALT_SPREAD,Chiefs,243,115.5,59.173,65,demo
2026-09-26T15:13:02+00:00,NFL:Chiefs-Ravens,NFL,ALT_SPREAD,Ravens,197,86.6,59.173,65,demo
2026-09-26T15:13:02+00:00,NFL:Chiefs-Ravens,NFL,ALT_TOTAL,Over,241,106.9,64.817,65,demo
2026-09-26T15:13:02+00:00,NFL:Chiefs-Ravens,NFL,ALT_TOTAL,Under,219,93.5,64.817,65,demo
2026-09-26T15:13:02+00:00,NFL:Chiefs-Ravens,NFL,FIRST_HALF,Over,194,87.5,56.8,65,demo
2026-09-26T15:13:02+00:00,NFL:Chiefs-Ravens,NFL,FIRST_HALF,Under,236,114.3,56.8,65,demo
2026-09-26T15:13:02+00:00,NFL:Chiefs-Ravens,NFL,MARGIN_BAND,Over,221,100.9,59.746,65,demo
2026-09-26T15:13:02+00:00,NFL:Chiefs-Ravens,NFL,MARGIN_BAND,Under,218,99.1,59.746,65,demo
2026-09-26T15:13:02+00:00,NFL:Chiefs-Ravens,NFL,ML,Chiefs,200,98.0,51.485,65,demo
2026-09-26T15:13:02+00:00,NFL:Chiefs-Ravens,NFL,ML,Ravens,206,102.0,51.485,65,demo
2026-09-26T15:13:02+00:00,NFL:Chiefs-Ravens,NFL,QUARTER_ML,Over,216,99.4,58.498,65,demo
2026-09-26T15:13:02+00:00,NFL:Chiefs-Ravens,NFL,QUARTER_ML,Under,218,100.6,58.498,65,demo
2026-09-26T15:13:02+00:00,NFL:Chiefs-Ravens,NFL,SPREAD,Chiefs,219,104.6,55.921,65,demo
2026-09-26T15:13:02+00:00,NFL:Chiefs-Ravens,NFL,SPREAD,Ravens,205,95.6,55.921,65,demo
2026-09-26T15:13:02+00:00,NFL:Chiefs-Ravens,NFL,TEAMS_1Q,Over,220,95.2,63.902,65,demo
2026-09-26T15:13:02+00:00,NFL:Chiefs-Ravens,NFL,TEAMS_1Q,Under,236,105.0,63.902,65,demo
2026-09-26T15:13:02+00:00,NFL:Chiefs-Ravens,NFL,TEAM_TOTAL,Over,231,102.8,63.219,65,demo
2026-09-26T15:13:02+00:00,NFL:Chiefs-Ravens,NFL,TEAM_TOTAL,Under,222,97.3,63.219,65,demo
2026-09-26T15:13:02+00:00,NFL:Chiefs-Ravens,NFL,TOTAL,Over,189,102.8,42.472,65,demo
2026-09-26T15:13:02+00:00,NFL:Chiefs-Ravens,NFL,TOTAL,Under,181,97.2,42.472,65,demo
2026-09-26T15:13:39+00:00,NBA:Celtics-Knicks,NBA,WIN_PROPS,Anthony Edwards,140,103.9,17.707,85,demo
2026-09-26T15:13:39+00:00,NBA:Celtics-Knicks,NBA,WIN_PROPS,Field,131,96.2,17.707,85,demo
2026-09-26T15:13:39+00:00,NBA:Celtics-Knicks,NBA,WIN_PROPS,Giannis Antetokounmpo,162,109.2,25.259,85,demo
2026-09-26T15:13:39+00:00,NBA:Celtics-Knicks,NBA,WIN_PROPS,Jayson Tatum,163,109.6,25.487,85,demo
2026-09-26T15:13:39+00:00,NBA:Celtics-Knicks,NBA,PARLAY_PROXY,Anthony Edwards,179,109.0,33.503,75,demo
2026-09-26T15:13:39+00:00,NBA:Celtics-Knicks,NBA,PARLAY_PROXY,Giannis Antetokounmpo,156,91.8,33.503,75,demo
2026-09-26T15:13:39+00:00,NBA:Celtics-Knicks,NBA,PARLAY_PROXY,Jayson Tatum,259,128.7,56.992,75,demo
2026-09-26T15:13:39+00:00,NBA:Celtics-Knicks,NBA,PLAYER_AST,Anthony Edwards,159,84.9,40.062,75,demo
2026-09-26T15:13:39+00:00,NBA:Celtics-Knicks,NBA,PLAYER_AST,Giannis Antetokounmpo,205,117.8,40.062,75,demo
2026-09-26T15:13:39+00:00,NBA:Celtics-Knicks,NBA,PLAYER_AST,Jayson Tatum,215,121.6,42.134,75,demo
2026-09-26T15:13:39+00:00,NBA:Celtics-Knicks,NBA,PLAYER_PTS,Anthony Edwards,165,73.2,52.998,75,demo
2026-09-26T15:13:39+00:00,NBA:Celtics-Knicks,NBA,PLAYER_PTS,Giannis Antetokounmpo,262,136.6,52.998,75,demo
2026-09-26T15:13:39+00:00,NBA:Celtics-Knicks,NBA,PLAYER_PTS,Jayson Tatum,273,140.8,54.929,75,demo
2026-09-26T15:13:39+00:00,NBA:Celtics-Knicks,NBA,PLAYER_REB,Anthony Edwards,225,94.2,67.351,75,demo
2026-09-26T15:13:39+00:00,NBA:Celtics-Knicks,NBA,PLAYER_REB,Giannis Antetokounmpo,245,106.2,67.351,75,demo
2026-09-26T15:13:39+00:00,NBA:Celtics-Knicks,NBA,PLAYER_REB,Jayson Tatum,275,115.4,74.107,75,demo
2026-09-26T15:13:39+00:00,NBA:Celtics-Knicks,NBA,ALT_SPREAD,Celtics,203,93.2,56.807,65,demo
2026-09-26T15:13:39+00:00,NBA:Celtics-Knicks,NBA,ALT_SPREAD,Knicks,225,107.3,56.807,65,demo
2026-09-26T15:13:39+00:00,NBA:Celtics-Knicks,NBA,ALT_TOTAL,Over,216,92.7,64.012,65,demo
2026-09-26T15:13:39+00:00,NBA:Celtics-Knicks,NBA,ALT_TOTAL,Under,241,107.9,64.012,65,demo
2026-09-26T15:13:39+00:00,NBA:Celtics-Knicks,NBA,FIRST_HALF,Over,180,95.2,43.415,65,demo
2026-09-26T15:13:39+00:00,NBA:Celtics-Knicks,NBA,FIRST_HALF,Under,194,105.0,43.415,65,demo
2026-09-26T15:13:39+00:00,NBA:Celtics-Knicks,NBA,MARGIN_BAND,Over,216,102.9,55.717,65,demo
2026-09-26T15:13:39+00:00,NBA:Celtics-Knicks,NBA,MARGIN_BAND,Under,207,97.2,55.717,65,demo
2026-09-26T15:13:39+00:00,NBA:Celtics-Knicks,NBA,ML,Celtics,640,324.6,74.298,65,demo
2026-09-26T15:13:39+00:00,NBA:Celtics-Knicks,NBA,ML,Knicks,128,30.8,74.298,65,demo
2026-09-26T15:13:39+00:00,NBA:Celtics-Knicks,NBA,QUARTER_ML,Over,237,103.4,65.704,65,demo
2026-09-26T15:13:39+00:00,NBA:Celtics-Knicks,NBA,QUARTER_ML,Under,226,96.7,65.704,65,demo
2026-09-26T15:13:39+00:00,NBA:Celtics-Knicks,NBA,SPREAD,Celtics,212,111.8,47.289,65,demo
2026-09-26T15:13:39+00:00,NBA:Celtics-Knicks,NBA,SPREAD,Knicks,179,89.4,47.289,65,demo
2026-09-26T15:13:39+00:00,NBA:Celtics-Knicks,NBA,TEAMS_1Q,Over,214,103.3,54.46,65,demo
2026-09-26T15:13:39+00:00,NBA:Celtics-Knicks,NBA,TEAMS_1Q,Under,204,96.8,54.46,65,demo
2026-09-26T15:13:39+00:00,NBA:Celtics-Knicks,NBA,TEAM_TOTAL,Over,197,84.9,60.665,65,demo
2026-09-26T15:13:39+00:00,NBA:Celtics-Knicks,NBA,TEAM_TOTAL,Under,250,117.8,60.665,65,demo
2026-09-26T15:13:39+00:00,NBA:Celtics-Knicks,NBA,TOTAL,Over,199,92.0,55.729,65,demo
2026-09-26T15:13:39+00:00,NBA:Celtics-Knicks,NBA,TOTAL,Under,225,108.7,55.729,65,demo
2026-09-26T15:13:39+00:00,NBA:Thunder-Nuggets,NBA,WIN_PROPS,Devin Booker,137,99.6,18.749,85,demo
2026-09-26T15:13:39+00:00,NBA:Thunder-Nuggets,NBA,WIN_PROPS,Field,138,100.4,18.749,85,demo
2026-09-26T15:13:39+00:00,NBA:Thunder-Nuggets,NBA,WIN_PROPS,Nikola Jokic,160,109.7,23.984,85,demo
2026-09-26T15:13:39+00:00,NBA:Thunder-Nuggets,NBA,WIN_PROPS,Shai Gilgeous-Alexander,133,98.3,17.491,85,demo
2026-09-26T15:13:39+00:00,NBA:Thunder-Nuggets,NBA,PARLAY_PROXY,Devin Booker,167,71.8,55.437,75,demo
2026-09-26T15:13:39+00:00,NBA:Thunder-Nuggets,NBA,PARLAY_PROXY,Nikola Jokic,272,139.3,55.437,75,demo
2026-09-26T15:13:39+00:00,NBA:Thunder-Nuggets,NBA,PARLAY_PROXY,Shai Gilgeous-Alexander,225,121.7,46.579,75,demo
2026-09-26T15:13:39+00:00,NBA:Thunder-Nuggets,NBA,PLAYER_AST,Devin Booker,289,116.8,79.414,75,demo
2026-09-26T15:13:39+00:00,NBA:Thunder-Nuggets,NBA,PLAYER_AST,Nikola Jokic,233,85.6,79.414,75,demo
2026-09-26T15:13:39+00:00,NBA:Thunder-Nuggets,NBA,PLAYER_AST,Shai Gilgeous-Alexander,195,75.8,67.77,75,demo
2026-09-26T15:13:39+00:00,NBA:Thunder-Nuggets,NBA,PLAYER_PTS,Devin Booker,215,104.7,53.92,75,demo
2026-09-26T15:13:39+00:00,NBA:Thunder-Nuggets,NBA,PLAYER_PTS,Nikola Jokic,201,95.6,53.92,75,demo
2026-09-26T15:13:39+00:00,NBA:Thunder-Nuggets,NBA,PLAYER_PTS,Shai Gilgeous-Alexander,208,97.8,55.73,75,demo
2026-09-26T15:13:39+00:00,NBA:Thunder-Nuggets,NBA,PLAYER_REB,Devin Booker,261,122.4,62.34,75,demo
2026-09-26T15:13:39+00:00,NBA:Thunder-Nuggets,NBA,PLAYER_REB,Nikola Jokic,195,81.7,62.34,75,demo
2026-09-26T15:13:39+00:00,NBA:Thunder-Nuggets,NBA,PLAYER_REB,Shai Gilgeous-Alexander,172,75.3,55.122,75,demo
2026-09-26T15:13:39+00:00,NBA:Thunder-Nuggets,NBA,ALT_SPREAD,Nuggets,232,99.7,66.25,65,demo
2026-09-26T15:13:39+00:00,NBA:Thunder-Nuggets,NBA,ALT_SPREAD,Thunder,233,100.3,66.25,65,demo
2026-09-26T15:13:39+00:00,NBA:Thunder-Nuggets,NBA,ALT_TOTAL,Over,234,103.1,64.462,65,demo
2026-09-26T15:13:39+00:00,NBA:Thunder-Nuggets,NBA,ALT_TOTAL,Under,224,97.0,64.462,65,demo
2026-09-26T15:13:39+00:00,NBA:Thunder-Nuggets,NBA,FIRST_HALF,Over,247,123.9,54.96,65,demo
2026-09-26T15:13:39+00:00,NBA:Thunder-Nuggets,NBA,FIRST_HALF,Under,180,80.7,54.96,65,demo
2026-09-26T15:13:39+00:00,NBA:Thunder-Nuggets,NBA,MARGIN_BAND,Over,228,108.6,57.232,65,demo
2026-09-26T15:13:39+00:00,NBA:Thunder-Nuggets,NBA,MARGIN_BAND,Under,202,92.1,57.232,65,demo
2026-09-26T15:13:39+00:00,NBA:Thunder-Nuggets,NBA,ML,Nuggets,138,45.0,64.149,65,demo
2026-09-26T15:13:39+00:00,NBA:Thunder-Nuggets,NBA,ML,Thunder,429,222.3,64.149,65,demo
2026-09-26T15:13:39+00:00,NBA:Thunder-Nuggets,NBA,QUARTER_ML,Over,249,104.8,70.406,65,demo
2026-09-26T15:13:39+00:00,NBA:Thunder-Nuggets,NBA,QUARTER_ML,Under,233,95.4,70.406,65,demo
2026-09-26T15:13:39+00:00,NBA:Thunder-Nuggets,NBA,SPREAD,Nuggets,193,92.4,52.264,65,demo
2026-09-26T15:13:39+00:00,NBA:Thunder-Nuggets,NBA,SPREAD,Thunder,217,108.2,52.264,65,demo
2026-09-26T15:13:39+00:00,NBA:Thunder-Nuggets,NBA,TEAMS_1Q,Over,225,103.8,59.444,65,demo
2026-09-26T15:13:39+00:00,NBA:Thunder-Nuggets,NBA,TEAMS_1Q,Under,213,96.3,59.444,65,demo
2026-09-26T15:13:39+00:00,NBA:Thunder-Nuggets,NBA,TEAM_TOTAL,Over,218,97.0,61.461,65,demo
2026-09-26T15:13:39+00:00,NBA:Thunder-Nuggets,NBA,TEAM_TOTAL,Under,228,103.1,61.461,65,demo
2026-09-26T15:13:39+00:00,NBA:Thunder-Nuggets,NBA,TOTAL,Over,216,105.3,53.896,65,demo
2026-09-26T15:13:39+00:00,NBA:Thunder-Nuggets,NBA,TOTAL,Under,200,94.9,53.896,65,demo
2026-09-26T15:13:39+00:00,NBA:Timberwolves-Mavericks,NBA,WIN_PROPS,Anthony Edwards,145,102.5,20.981,85,demo
2026-09-26T15:13:39+00:00,NBA:Timberwolves-Mavericks,NBA,WIN_PROPS,Field,139,97.6,20.981,85,demo
2026-09-26T15:13:39+00:00,NBA:Timberwolves-Mavericks,NBA,WIN_PROPS,Luka Doncic,151,102.4,23.982,85,demo
2026-09-26T15:13:39+00:00,NBA:Timberwolves-Mavericks,NBA,WIN_PROPS,Tyrese Haliburton,125,91.8,17.287,85,demo
2026-09-26T15:13:39+00:00,NBA:Timberwolves-Mavericks,NBA,PARLAY_PROXY,Anthony Edwards,153,74.4,45.059,75,demo
2026-09-26T15:13:39+00:00,NBA:Timberwolves-Mavericks,NBA,PARLAY_PROXY,Luka Doncic,240,134.4,45.059,75,demo
2026-09-26T15:13:39+00:00,NBA:Timberwolves-Mavericks,NBA,PARLAY_PROXY,Tyrese Haliburton,178,109.9,32.456,75,demo
2026-09-26T15:13:39+00:00,NBA:Timberwolves-Mavericks,NBA,PLAYER_AST,Anthony Edwards,308,124.4,81.826,75,demo
2026-09-26T15:13:39+00:00,NBA:Timberwolves-Mavericks,NBA,PLAYER_AST,Luka Doncic,228,80.4,81.826,75,demo
2026-09-26T15:13:39+00:00,NBA:Timberwolves-Mavericks,NBA,PLAYER_AST,Tyrese Haliburton,263,89.0,92.093,75,demo
2026-09-26T15:13:39+00:00,NBA:Timberwolves-Mavericks,NBA,PLAYER_PTS,Anthony Edwards,261,122.0,62.642,75,demo
2026-09-26T15:13:39+00:00,NBA:Timberwolves-Mavericks,NBA,PLAYER_PTS,Luka Doncic,196,82.0,62.642,75,demo
2026-09-26T15:13:39+00:00,NBA:Timberwolves-Mavericks,NBA,PLAYER_PTS,Tyrese Haliburton,248,96.4,77.19,75,demo
2026-09-26T15:13:39+00:00,NBA:Timberwolves-Mavericks,NBA,PLAYER_REB,Anthony Edwards,289,99.0,95.495,75,demo
2026-09-26T15:13:39+00:00,NBA:Timberwolves-Mavericks,NBA,PLAYER_REB,Luka Doncic,293,101.0,95.495,75,demo
2026-09-26T15:13:39+00:00,NBA:Timberwolves-Mavericks,NBA,PLAYER_REB,Tyrese Haliburton,178,71.5,62.132,75,demo
2026-09-26T15:13:39+00:00,NBA:Timberwolves-Mavericks,NBA,ALT_SPREAD,Mavericks,219,101.3,58.494,65,demo
2026-09-26T15:13:39+00:00,NBA:Timberwolves-Mavericks,NBA,ALT_SPREAD,Timberwolves,215,98.7,58.494,65,demo
2026-09-26T15:13:39+00:00,NBA:Timberwolves-Mavericks,NBA,ALT_TOTAL,Over,238,102.4,66.976,65,demo
2026-09-26T15:13:39+00:00,NBA:Timberwolves-Mavericks,NBA,ALT_TOTAL,Under,230,97.6,66.976,65,demo
2026-09-26T15:13:39+00:00,NBA:Timberwolves-Mavericks,NBA,FIRST_HALF,Over,205,97.1,54.717,65,demo
2026-09-26T15:13:39+00:00,NBA:Timberwolves-Mavericks,NBA,FIRST_HALF,Under,214,103.0,54.717,65,demo
2026-09-26T15:13:39+00:00,NBA:Timberwolves-Mavericks,NBA,MARGIN_BAND,Over,214,96.6,59.703,65,demo
2026-09-26T15:13:39+00:00,NBA:Timberwolves-Mavericks,NBA,MARGIN_BAND,Under,225,103.5,59.703,65,demo
2026-09-26T15:13:39+00:00,NBA:Timberwolves-Mavericks,NBA,ML,Mavericks,589,295.7,74.118,65,demo
2026-09-26T15:13:39+00:00,NBA:Timberwolves-Mavericks,NBA,ML,Timberwolves,133,33.8,74.118,65,demo
2026-09-26T15:13:39+00:00,NBA:Timberwolves-Mavericks,NBA,QUARTER_ML,Over,243,109.9,63.383,65,demo
2026-09-26T15:13:39+00:00,NBA:Timberwolves-Mavericks,NBA,QUARTER_ML,Under,212,91.0,63.383,65,demo
2026-09-26T15:13:39+00:00,NBA:Timberwolves-Mavericks,NBA,SPREAD,Mavericks,184,87.1,51.777,65,demo
2026-09-26T15:13:39+00:00,NBA:Timberwolves-Mavericks,NBA,SPREAD,Timberwolves,226,114.8,51.777,65,demo
2026-09-26T15:13:39+00:00,NBA:Timberwolves-Mavericks,NBA,TEAMS_1Q,Over,223,99.7,61.75,65,demo
2026-09-26T15:13:39+00:00,NBA:Timberwolves-Mavericks,NBA,TEAMS_1Q,Under,224,100.3,61.75,65,demo
2026-09-26T15:13:39+00:00,NBA:Timberwolves-Mavericks,NBA,TEAM_TOTAL,Over,229,106.1,59.609,65,demo
2026-09-26T15:13:39+00:00,NBA:Timberwolves-Mavericks,NBA,TEAM_TOTAL,Under,210,94.2,59.609,65,demo
2026-09-26T15:13:39+00:00,NBA:Timberwolves-Mavericks,NBA,TOTAL,Over,264,130.5,57.941,65,demo
2026-09-26T15:13:39+00:00,NBA:Timberwolves-Mavericks,NBA,TOTAL,Under,179,76.6,57.941,65,demo
2026-09-26T15:13:39+00:00,NFL:Bills-Buccaneers,NFL,WIN_PROPS,Brock Purdy,146,109.8,17.243,85,demo
2026-09-26T15:13:39+00:00,NFL:Bills-Buccaneers,NFL,WIN_PROPS,Field,124,91.1,17.243,85,demo
2026-09-26T15:13:39+00:00,NFL:Bills-Buccaneers,NFL,WIN_PROPS,Josh Allen,142,98.4,21.992,85,demo
2026-09-26T15:13:39+00:00,NFL:Bills-Buccaneers,NFL,WIN_PROPS,Justin Jefferson,154,103.3,24.968,85,demo
2026-09-26T15:13:39+00:00,NFL:Bills-Buccaneers,NFL,PARLAY_PROXY,Brock Purdy,181,87.5,49.836,75,demo
2026-09-26T15:13:39+00:00,NFL:Bills-Buccaneers,NFL,PARLAY_PROXY,Josh Allen,221,114.2,49.836,75,demo
2026-09-26T15:13:39+00:00,NFL:Bills-Buccaneers,NFL,PARLAY_PROXY,Justin Jefferson,297,141.3,64.538,75,demo
2026-09-26T15:13:39+00:00,NFL:Bills-Buccaneers,NFL,PLAYER_AST,Brock Purdy,180,84.1,52.104,75,demo
2026-09-26T15:13:39+00:00,NFL:Bills-Buccaneers,NFL,PLAYER_AST,Josh Allen,233,118.9,52.104,75,demo
2026-09-26T15:13:39+00:00,NFL:Bills-Buccaneers,NFL,PLAYER_AST,Justin Jefferson,164,94.3,35.882,75,demo
2026-09-26T15:13:39+00:00,NFL:Bills-Buccaneers,NFL,PLAYER_PTS,Brock Purdy,270,99.2,85.747,75,demo
2026-09-26T15:13:39+00:00,NFL:Bills-Buccaneers,NFL,PLAYER_PTS,Josh Allen,273,100.8,85.747,75,demo
2026-09-26T15:13:39+00:00,NFL:Bills-Buccaneers,NFL,PLAYER_PTS,Justin Jefferson,243,92.7,77.994,75,demo
2026-09-26T15:13:39+00:00,NFL:Bills-Buccaneers,NFL,PLAYER_REB,Brock Purdy,244,126.9,51.584,75,demo
2026-09-26T15:13:39+00:00,NFL:Bills-Buccaneers,NFL,PLAYER_REB,Josh Allen,171,78.8,51.584,75,demo
2026-09-26T15:13:39+00:00,NFL:Bills-Buccaneers,NFL,PLAYER_REB,Justin Jefferson,280,110.5,80.552,75,demo
2026-09-26T15:13:39+00:00,NFL:Bills-Buccaneers,NFL,ALT_SPREAD,Bills,213,94.6,60.874,65,demo
2026-09-26T15:13:39+00:00,NFL:Bills-Buccaneers,NFL,ALT_SPREAD,Buccaneers,231,105.8,60.874,65,demo
2026-09-26T15:13:39+00:00,NFL:Bills-Buccaneers,NFL,ALT_TOTAL,Over,213,99.1,57.246,65,demo
2026-09-26T15:13:39+00:00,NFL:Bills-Buccaneers,NFL,ALT_TOTAL,Under,216,101.0,57.246,65,demo
2026-09-26T15:13:39+00:00,NFL:Bills-Buccaneers,NFL,FIRST_HALF,Over,220,94.7,64.377,65,demo
2026-09-26T15:13:39+00:00,NFL:Bills-Buccaneers,NFL,FIRST_HALF,Under,238,105.6,64.377,65,demo
2026-09-26T15:13:39+00:00,NFL:Bills-Buccaneers,NFL,MARGIN_BAND,Over,218,100.3,58.75,65,demo
2026-09-26T15:13:39+00:00,NFL:Bills-Buccaneers,NFL,MARGIN_BAND,Under,217,99.7,58.75,65,demo
2026-09-26T15:13:39+00:00,NFL:Bills-Buccaneers,NFL,ML,Bills,263,126.5,60.278,65,demo
2026-09-26T15:13:39+00:00,NFL:Bills-Buccaneers,NFL,ML,Buccaneers,187,79.1,60.278,65,demo
2026-09-26T15:13:39+00:00,NFL:Bills-Buccaneers,NFL,QUARTER_ML,Over,186,91.1,49.673,65,demo
2026-09-26T15:13:39+00:00,NFL:Bills-Buccaneers,NFL,QUARTER_ML,Under,214,109.8,49.673,65,demo
2026-09-26T15:13:39+00:00,NFL:Bills-Buccaneers,NFL,SPREAD,Bills,228,107.2,58.309,65,demo
2026-09-26T15:13:39+00:00,NFL:Bills-Buccaneers,NFL,SPREAD,Buccaneers,206,93.3,58.309,65,demo
2026-09-26T15:13:39+00:00,NFL:Bills-Buccaneers,NFL,TEAMS_1Q,Over,246,119.7,57.471,65,demo
2026-09-26T15:13:39+00:00,NFL:Bills-Buccaneers,NFL,TEAMS_1Q,Under,189,83.5,57.471,65,demo
2026-09-26T15:13:39+00:00,NFL:Bills-Buccaneers,NFL,TEAM_TOTAL,Over,207,92.5,59.505,65,demo
2026-09-26T15:13:39+00:00,NFL:Bills-Buccaneers,NFL,TEAM_TOTAL,Under,232,108.1,59.505,65,demo
2026-09-26T15:13:39+00:00,NFL:Bills-Buccaneers,NFL,TOTAL,Over,191,96.0,48.439,65,demo
2026-09-26T15:13:39+00:00,NFL:Bills-Buccaneers,NFL,TOTAL,Under,203,104.1,48.439,65,demo
2026-09-26T15:13:39+00:00,NFL:Chiefs-Ravens,NFL,WIN_PROPS,Ja'Marr Chase,164,106.9,27.609,85,demo
2026-09-26T15:13:39+00:00,NFL:Chiefs-Ravens,NFL,WIN_PROPS,Field,147,93.6,27.609,85,demo
2026-09-26T15:13:39+00:00,NFL:Chiefs-Ravens,NFL,WIN_PROPS,Patrick Mahomes,128,86.4,22.341,85,demo
2026-09-26T15:13:39+00:00,NFL:Chiefs-Ravens,NFL,WIN_PROPS,Saquon Barkley,144,92.4,26.803,85,demo
2026-09-26T15:13:39+00:00,NFL:Chiefs-Ravens,NFL,PARLAY_PROXY,Ja'Marr Chase,237,91.1,76.365,75,demo
2026-09-26T15:13:39+00:00,NFL:Chiefs-Ravens,NFL,PARLAY_PROXY,Patrick Mahomes,270,109.8,76.365,75,demo
2026-09-26T15:13:39+00:00,NFL:Chiefs-Ravens,NFL,PARLAY_PROXY,Saquon Barkley,231,98.2,66.987,75,demo
2026-09-26T15:13:39+00:00,NFL:Chiefs-Ravens,NFL,PLAYER_AST,Ja'Marr Chase,255,103.8,74.189,75,demo
2026-09-26T15:13:39+00:00,NFL:Chiefs-Ravens,NFL,PLAYER_AST,Patrick Mahomes,242,96.3,74.189,75,demo
2026-09-26T15:13:39+00:00,NFL:Chiefs-Ravens,NFL,PLAYER_AST,Saquon Barkley,301,113.0,88.3,75,demo
2026-09-26T15:13:39+00:00,NFL:Chiefs-Ravens,NFL,PLAYER_PTS,Ja'Marr Chase,177,69.1,63.83,75,demo
2026-09-26T15:13:39+00:00,NFL:Chiefs-Ravens,NFL,PLAYER_PTS,Patrick Mahomes,301,144.8,63.83,75,demo
2026-09-26T15:13:39+00:00,NFL:Chiefs-Ravens,NFL,PLAYER_PTS,Saquon Barkley,232,119.9,51.008,75,demo
2026-09-26T15:13:39+00:00,NFL:Chiefs-Ravens,NFL,PLAYER_REB,Ja'Marr Chase,274,110.7,77.545,75,demo
2026-09-26T15:13:39+00:00,NFL:Chiefs-Ravens,NFL,PLAYER_REB,Patrick Mahomes,238,90.4,77.545,75,demo
2026-09-26T15:13:39+00:00,NFL:Chiefs-Ravens,NFL,PLAYER_REB,Saquon Barkley,177,74.1,59.137,75,demo
2026-09-26T15:13:39+00:00,NFL:Chiefs-Ravens,NFL,ALT_SPREAD,Chiefs,243,115.5,59.173,65,demo
2026-09-26T15:13:39+00:00,NFL:Chiefs-Ravens,NFL,ALT_SPREAD,Ravens,197,86.6,59.173,65,demo
2026-09-26T15:13:39+00:00,NFL:Chiefs-Ravens,NFL,ALT_TOTAL,Over,241,106.9,64.817,65,demo
2026-09-26T15:13:39+00:00,NFL:Chiefs-Ravens,NFL,ALT_TOTAL,Under,219,93.5,64.817,65,demo
2026-09-26T15:13:39+00:00,NFL:Chiefs-Ravens,NFL,FIRST_HALF,Over,194,87.5,56.8,65,demo
2026-09-26T15:13:39+00:00,NFL:Chiefs-Ravens,NFL,FIRST_HALF,Under,236,114.3,56.8,65,demo
2026-09-26T15:13:39+00:00,NFL:Chiefs-Ravens,NFL,MARGIN_BAND,Over,221,100.9,59.746,65,demo
2026-09-26T15:13:39+00:00,NFL:Chiefs-Ravens,NFL,MARGIN_BAND,Under,218,99.1,59.746,65,demo
2026-09-26T15:13:39+00:00,NFL:Chiefs-Ravens,NFL,ML,Chiefs,200,98.0,51.485,65,demo
2026-09-26T15:13:39+00:00,NFL:Chiefs-Ravens,NFL,ML,Ravens,206,102.0,51.485,65,demo
2026-09-26T15:13:39+00:00,NFL:Chiefs-Ravens,NFL,QUARTER_ML,Over,216,99.4,58.498,65,demo
2026-09-26T15:13:39+00:00,NFL:Chiefs-Ravens,NFL,QUARTER_ML,Under,218,100.6,58.498,65,demo
2026-09-26T15:13:39+00:00,NFL:Chiefs-Ravens,NFL,SPREAD,Chiefs,219,104.6,55.921,65,demo
2026-09-26T15:13:39+00:00,NFL:Chiefs-Ravens,NFL,SPREAD,Ravens,205,95.6,55.921,65,demo
2026-09-26T15:13:39+00:00,NFL:Chiefs-Ravens,NFL,TEAMS_1Q,Over,220,95.2,63.902,65,demo
2026-09-26T15:13:39+00:00,NFL:Chiefs-Ravens,NFL,TEAMS_1Q,Under,236,105.0,63.902,65,demo
2026-09-26T15:13:39+00:00,NFL:Chiefs-Ravens,NFL,TEAM_TOTAL,Over,231,102.8,63.219,65,demo
2026-09-26T15:13:39+00:00,NFL:Chiefs-Ravens,NFL,TEAM_TOTAL,Under,222,97.3,63.219,65,demo
2026-09-26T15:13:39+00:00,NFL:Chiefs-Ravens,NFL,TOTAL,Over,189,102.8,42.472,65,demo
2026-09-26T15:13:39+00:00,NFL:Chiefs-Ravens,NFL,TOTAL,Under,181,97.2,42.472,65,demo
2026-09-26T15:14:09+00:00,NBA:Celtics-Knicks,NBA,WIN_PROPS,Anthony Edwards,140,103.9,17.707,85,demo
2026-09-26T15:14:09+00:00,NBA:Celtics-Knicks,NBA,WIN_PROPS,Field,131,96.2,17.707,85,demo
2026-09-26T15:14:09+00:00,NBA:Celtics-Knicks,NBA,WIN_PROPS,Giannis Antetokounmpo,162,109.2,25.259,85,demo
2026-09-26T15:14:09+00:00,NBA:Celtics-Knicks,NBA,WIN_PROPS,Jayson Tatum,163,109.6,25.487,85,demo
2026-09-26T15:14:09+00:00,NBA:Celtics-Knicks,NBA,PARLAY_PROXY,Anthony Edwards,179,109.0,33.503,75,demo
2026-09-26T15:14:09+00:00,NBA:Celtics-Knicks,NBA,PARLAY_PROXY,Giannis Antetokounmpo,156,91.8,33.503,75,demo
2026-09-26T15:14:09+00:00,NBA:Celtics-Knicks,NBA,PARLAY_PROXY,Jayson Tatum,259,128.7,56.992,75,demo
2026-09-26T15:14:09+00:00,NBA:Celtics-Knicks,NBA,PLAYER_AST,Anthony Edwards,159,84.9,40.062,75,demo
2026-09-26T15:14:09+00:00,NBA:Celtics-Knicks,NBA,PLAYER_AST,Giannis Antetokounmpo,205,117.8,40.062,75,demo
2026-09-26T15:14:09+00:00,NBA:Celtics-Knicks,NBA,PLAYER_AST,Jayson Tatum,215,121.6,42.134,75,demo
2026-09-26T15:14:09+00:00,NBA:Celtics-Knicks,NBA,PLAYER_PTS,Anthony Edwards,165,73.2,52.998,75,demo
2026-09-26T15:14:09+00:00,NBA:Celtics-Knicks,NBA,PLAYER_PTS,Giannis Antetokounmpo,262,136.6,52.998,75,demo
2026-09-26T15:14:09+00:00,NBA:Celtics-Knicks,NBA,PLAYER_PTS,Jayson Tatum,273,140.8,54.929,75,demo
2026-09-26T15:14:09+00:00,NBA:Celtics-Knicks,NBA,PLAYER_REB,Anthony Edwards,225,94.2,67.351,75,demo
2026-09-26T15:14:09+00:00,NBA:Celtics-Knicks,NBA,PLAYER_REB,Giannis Antetokounmpo,245,106.2,67.351,75,demo
2026-09-26T15:14:09+00:00,NBA:Celtics-Knicks,NBA,PLAYER_REB,Jayson Tatum,275,115.4,74.107,75,demo
2026-09-26T15:14:09+00:00,NBA:Celtics-Knicks,NBA,ALT_SPREAD,Celtics,203,93.2,56.807,65,demo
2026-09-26T15:14:09+00:00,NBA:Celtics-Knicks,NBA,ALT_SPREAD,Knicks,225,107.3,56.807,65,demo
2026-09-26T15:14:09+00:00,NBA:Celtics-Knicks,NBA,ALT_TOTAL,Over,216,92.7,64.012,65,demo
2026-09-26T15:14:09+00:00,NBA:Celtics-Knicks,NBA,ALT_TOTAL,Under,241,107.9,64.012,65,demo
2026-09-26T15:14:09+00:00,NBA:Celtics-Knicks,NBA,FIRST_HALF,Over,180,95.2,43.415,65,demo
2026-09-26T15:14:09+00:00,NBA:Celtics-Knicks,NBA,FIRST_HALF,Under,194,105.0,43.415,65,demo
2026-09-26T15:14:09+00:00,NBA:Celtics-Knicks,NBA,MARGIN_BAND,Over,216,102.9,55.717,65,demo
2026-09-26T15:14:09+00:00,NBA:Celtics-Knicks,NBA,MARGIN_BAND,Under,207,97.2,55.717,65,demo
2026-09-26T15:14:09+00:00,NBA:Celtics-Knicks,NBA,ML,Celtics,-105,74.2,12.054,65,demo
2026-09-26T15:14:09+00:00,NBA:Celtics-Knicks,NBA,ML,Knicks,163,134.7,12.054,65,demo
2026-09-26T15:14:09+00:00,NBA:Celtics-Knicks,NBA,QUARTER_ML,Over,237,103.4,65.704,65,demo
2026-09-26T15:14:09+00:00,NBA:Celtics-Knicks,NBA,QUARTER_ML,Under,226,96.7,65.704,65,demo
2026-09-26T15:14:09+00:00,NBA:Celtics-Knicks,NBA,SPREAD,Celtics,212,111.8,47.289,65,demo
2026-09-26T15:14:09+00:00,NBA:Celtics-Knicks,NBA,SPREAD,Knicks,179,89.4,47.289,65,demo
2026-09-26T15:14:09+00:00,NBA:Celtics-Knicks,NBA,TEAMS_1Q,Over,214,103.3,54.46,65,demo
2026-09-26T15:14:09+00:00,NBA:Celtics-Knicks,NBA,TEAMS_1Q,Under,204,96.8,54.46,65,demo
2026-09-26T15:14:09+00:00,NBA:Celtics-Knicks,NBA,TEAM_TOTAL,Over,197,84.9,60.665,65,demo
2026-09-26T15:14:09+00:00,NBA:Celtics-Knicks,NBA,TEAM_TOTAL,Under,250,117.8,60.665,65,demo
2026-09-26T15:14:09+00:00,NBA:Celtics-Knicks,NBA,TOTAL,Over,199,92.0,55.729,65,demo
2026-09-26T15:14:09+00:00,NBA:Celtics-Knicks,NBA,TOTAL,Under,225,108.7,55.729,65,demo
2026-09-26T15:14:09+00:00,NBA:Thunder-Nuggets,NBA,WIN_PROPS,Devin Booker,133,97.5,17.981,85,demo
2026-09-26T15:14:09+00:00,NBA:Thunder-Nuggets,NBA,WIN_PROPS,Field,139,102.6,17.981,85,demo
2026-09-26T15:14:09+00:00,NBA:Thunder-Nuggets,NBA,WIN_PROPS,Nikola Jokic,167,114.6,24.422,85,demo
2026-09-26T15:14:09+00:00,NBA:Thunder-Nuggets,NBA,WIN_PROPS,Shai Gilgeous-Alexander,159,111.2,22.657,85,demo
2026-09-26T15:14:09+00:00,NBA:Thunder-Nuggets,NBA,PARLAY_PROXY,Devin Booker,184,79.3,58.368,75,demo
2026-09-26T15:14:09+00:00,NBA:Thunder-Nuggets,NBA,PARLAY_PROXY,Nikola Jokic,258,126.1,58.368,75,demo
2026-09-26T15:14:09+00:00,NBA:Thunder-Nuggets,NBA,PARLAY_PROXY,Shai Gilgeous-Alexander,236,118.3,53.91,75,demo
2026-09-26T15:14:09+00:00,NBA:Thunder-Nuggets,NBA,PLAYER_AST,Devin Booker,233,93.5,72.058,75,demo
2026-09-26T15:14:09+00:00,NBA:Thunder-Nuggets,NBA,PLAYER_AST,Nikola Jokic,256,106.9,72.058,75,demo
2026-09-26T15:14:09+00:00,NBA:Thunder-Nuggets,NBA,PLAYER_AST,Shai Gilgeous-Alexander,289,116.8,79.414,75,demo
2026-09-26T15:14:09+00:00,NBA:Thunder-Nuggets,NBA,PLAYER_PTS,Devin Booker,223,110.6,53.359,75,demo
2026-09-26T15:14:09+00:00,NBA:Thunder-Nuggets,NBA,PLAYER_PTS,Nikola Jokic,192,90.4,53.359,75,demo
2026-09-26T15:14:09+00:00,NBA:Thunder-Nuggets,NBA,PLAYER_PTS,Shai Gilgeous-Alexander,247,107.4,67.285,75,demo
2026-09-26T15:14:09+00:00,NBA:Thunder-Nuggets,NBA,PLAYER_REB,Devin Booker,176,89.9,45.338,75,demo
2026-09-26T15:14:09+00:00,NBA:Thunder-Nuggets,NBA,PLAYER_REB,Nikola Jokic,207,111.2,45.338,75,demo
2026-09-26T15:14:09+00:00,NBA:Thunder-Nuggets,NBA,PLAYER_REB,Shai Gilgeous-Alexander,259,130.1,56.038,75,demo
2026-09-26T15:14:09+00:00,NBA:Thunder-Nuggets,NBA,ALT_SPREAD,Nuggets,231,95.9,68.928,65,demo
2026-09-26T15:14:09+00:00,NBA:Thunder-Nuggets,NBA,ALT_SPREAD,Thunder,245,104.2,68.928,65,demo
2026-09-26T15:14:09+00:00,NBA:Thunder-Nuggets,NBA,ALT_TOTAL,Over,232,106.1,61.11,65,demo
2026-09-26T15:14:09+00:00,NBA:Thunder-Nuggets,NBA,ALT_TOTAL,Under,213,94.3,61.11,65,demo
2026-09-26T15:14:09+00:00,NBA:Thunder-Nuggets,NBA,FIRST_HALF,Over,216,98.8,58.994,65,demo
2026-09-26T15:14:09+00:00,NBA:Thunder-Nuggets,NBA,FIRST_HALF,Under,220,101.3,58.994,65,demo
2026-09-26T15:14:09+00:00,NBA:Thunder-Nuggets,NBA,MARGIN_BAND,Over,225,101.2,61.494,65,demo
2026-09-26T15:14:09+00:00,NBA:Thunder-Nuggets,NBA,MARGIN_BAND,Under,221,98.8,61.494,65,demo
2026-09-26T15:14:09+00:00,NBA:Thunder-Nuggets,NBA,ML,Nuggets,265,139.3,52.52,65,demo
2026-09-26T15:14:09+00:00,NBA:Thunder-Nuggets,NBA,ML,Thunder,162,71.8,52.52,65,demo
2026-09-26T15:14:09+00:00,NBA:Thunder-Nuggets,NBA,QUARTER_ML,Over,215,101.3,56.494,65,demo
2026-09-26T15:14:09+00:00,NBA:Thunder-Nuggets,NBA,QUARTER_ML,Under,211,98.7,56.494,65,demo
2026-09-26T15:14:09+00:00,NBA:Thunder-Nuggets,NBA,SPREAD,Nuggets,191,97.0,47.716,65,demo
2026-09-26T15:14:09+00:00,NBA:Thunder-Nuggets,NBA,SPREAD,Thunder,200,103.1,47.716,65,demo
2026-09-26T15:14:09+00:00,NBA:Thunder-Nuggets,NBA,TEAMS_1Q,Over,233,114.4,55.293,65,demo
2026-09-26T15:14:09+00:00,NBA:Thunder-Nuggets,NBA,TEAMS_1Q,Under,191,87.4,55.293,65,demo
2026-09-26T15:14:09+00:00,NBA:Thunder-Nuggets,NBA,TEAM_TOTAL,Over,201,99.7,50.75,65,demo
2026-09-26T15:14:09+00:00,NBA:Thunder-Nuggets,NBA,TEAM_TOTAL,Under,202,100.3,50.75,65,demo
2026-09-26T15:14:09+00:00,NBA:Thunder-Nuggets,NBA,TOTAL,Over,236,95.5,71.907,65,demo
2026-09-26T15:14:09+00:00,NBA:Thunder-Nuggets,NBA,TOTAL,Under,252,104.8,71.907,65,demo
2026-09-26T15:14:09+00:00,NBA:Timberwolves-Mavericks,NBA,WIN_PROPS,Anthony Edwards,157,113.7,20.253,85,demo
2026-09-26T15:14:09+00:00,NBA:Timberwolves-Mavericks,NBA,WIN_PROPS,Field,126,87.9,20.253,85,demo
2026-09-26T15:14:09+00:00,NBA:Timberwolves-Mavericks,NBA,WIN_PROPS,Luka Doncic,173,106.2,32.379,85,demo
2026-09-26T15:14:09+00:00,NBA:Timberwolves-Mavericks,NBA,WIN_PROPS,Tyrese Haliburton,125,87.5,19.969,85,demo
2026-09-26T15:14:09+00:00,NBA:Timberwolves-Mavericks,NBA,PARLAY_PROXY,Anthony Edwards,164,87.7,40.644,75,demo
2026-09-26T15:14:09+00:00,NBA:Timberwolves-Mavericks,NBA,PARLAY_PROXY,Luka Doncic,201,114.0,40.644,75,demo
2026-09-26T15:14:09+00:00,NBA:Timberwolves-Mavericks,NBA,PARLAY_PROXY,Tyrese Haliburton,201,114.0,40.644,75,demo
2026-09-26T15:14:09+00:00,NBA:Timberwolves-Mavericks,NBA,PLAYER_AST,Anthony Edwards,210,83.1,69.297,75,demo
2026-09-26T15:14:09+00:00,NBA:Timberwolves-Mavericks,NBA,PLAYER_AST,Luka Doncic,273,120.3,69.297,75,demo
2026-09-26T15:14:09+00:00,NBA:Timberwolves-Mavericks,NBA,PLAYER_AST,Tyrese Haliburton,241,110.0,62.381,75,demo
2026-09-26T15:14:09+00:00,NBA:Timberwolves-Mavericks,NBA,PLAYER_PTS,Anthony Edwards,293,99.0,97.495,75,demo
2026-09-26T15:14:09+00:00,NBA:Timberwolves-Mavericks,NBA,PLAYER_PTS,Luka Doncic,297,101.0,97.495,75,demo
2026-09-26T15:14:09+00:00,NBA:Timberwolves-Mavericks,NBA,PLAYER_PTS,Tyrese Haliburton,178,70.7,62.823,75,demo
2026-09-26T15:14:09+00:00,NBA:Timberwolves-Mavericks,NBA,PLAYER_REB,Anthony Edwards,197,98.0,49.985,75,demo
2026-09-26T15:14:09+00:00,NBA:Timberwolves-Mavericks,NBA,PLAYER_REB,Luka Doncic,203,102.0,49.985,75,demo
2026-09-26T15:14:09+00:00,NBA:Timberwolves-Mavericks,NBA,PLAYER_REB,Tyrese Haliburton,215,106.1,52.868,75,demo
2026-09-26T15:14:09+00:00,NBA:Timberwolves-Mavericks,NBA,ALT_SPREAD,Mavericks,251,102.3,73.477,65,demo
2026-09-26T15:14:09+00:00,NBA:Timberwolves-Mavericks,NBA,ALT_SPREAD,Timberwolves,243,97.7,73.477,65,demo
2026-09-26T15:14:09+00:00,NBA:Timberwolves-Mavericks,NBA,ALT_TOTAL,Over,211,96.0,58.683,65,demo
2026-09-26T15:14:09+00:00,NBA:Timberwolves-Mavericks,NBA,ALT_TOTAL,Under,224,104.2,58.683,65,demo
2026-09-26T15:14:09+00:00,NBA:Timberwolves-Mavericks,NBA,FIRST_HALF,Over,198,92.3,54.998,65,demo
2026-09-26T15:14:09+00:00,NBA:Timberwolves-Mavericks,NBA,FIRST_HALF,Under,223,108.4,54.998,65,demo
2026-09-26T15:14:09+00:00,NBA:Timberwolves-Mavericks,NBA,MARGIN_BAND,Over,226,99.7,63.25,65,demo
2026-09-26T15:14:09+00:00,NBA:Timberwolves-Mavericks,NBA,MARGIN_BAND,Under,227,100.3,63.25,65,demo
2026-09-26T15:14:09+00:00,NBA:Timberwolves-Mavericks,NBA,ML,Mavericks,197,78.6,66.32,65,demo
2026-09-26T15:14:09+00:00,NBA:Timberwolves-Mavericks,NBA,ML,Timberwolves,278,127.3,66.32,65,demo
2026-09-26T15:14:09+00:00,NBA:Timberwolves-Mavericks,NBA,QUARTER_ML,Over,208,99.0,54.746,65,demo
2026-09-26T15:14:09+00:00,NBA:Timberwolves-Mavericks,NBA,QUARTER_ML,Under,211,101.0,54.746,65,demo
2026-09-26T15:14:09+00:00,NBA:Timberwolves-Mavericks,NBA,SPREAD,Mavericks,241,105.9,65.614,65,demo
2026-09-26T15:14:09+00:00,NBA:Timberwolves-Mavericks,NBA,SPREAD,Timberwolves,222,94.4,65.614,65,demo
2026-09-26T15:14:09+00:00,NBA:Timberwolves-Mavericks,NBA,TEAMS_1Q,Over,191,89.8,53.307,65,demo
2026-09-26T15:14:09+00:00,NBA:Timberwolves-Mavericks,NBA,TEAMS_1Q,Under,224,111.3,53.307,65,demo
2026-09-26T15:14:09+00:00,NBA:Timberwolves-Mavericks,NBA,TEAM_TOTAL,Over,231,106.8,60.078,65,demo
2026-09-26T15:14:09+00:00,NBA:Timberwolves-Mavericks,NBA,TEAM_TOTAL,Under,210,93.7,60.078,65,demo
2026-09-26T15:14:09+00:00,NBA:Timberwolves-Mavericks,NBA,TOTAL,Over,202,98.7,51.993,65,demo
2026-09-26T15:14:09+00:00,NBA:Timberwolves-Mavericks,NBA,TOTAL,Under,206,101.3,51.993,65,demo
2026-09-26T15:14:09+00:00,NFL:Bills-Buccaneers,NFL,WIN_PROPS,Brock Purdy,149,104.2,21.949,85,demo
2026-09-26T15:14:09+00:00,NFL:Bills-Buccaneers,NFL,WIN_PROPS,Field,139,96.0,21.949,85,demo
2026-09-26T15:14:09+00:00,NFL:Bills-Buccaneers,NFL,WIN_PROPS,Josh Allen,131,92.8,19.831,85,demo
2026-09-26T15:14:09+00:00,NFL:Bills-Buccaneers,NFL,WIN_PROPS,Justin Jefferson,156,102.8,26.226,85,demo
2026-09-26T15:14:09+00:00,NFL:Bills-Buccaneers,NFL,PARLAY_PROXY,Brock Purdy,234,124.6,48.691,75,demo
2026-09-26T15:14:09+00:00,NFL:Bills-Buccaneers,NFL,PARLAY_PROXY,Josh Allen,168,80.2,48.691,75,demo
2026-09-26T15:14:09+00:00,NFL:Bills-Buccaneers,NFL,PARLAY_PROXY,Justin Jefferson,246,103.6,69.947,75,demo
2026-09-26T15:14:09+00:00,NFL:Bills-Buccaneers,NFL,PLAYER_AST,Brock Purdy,220,120.8,44.957,75,demo
2026-09-26T15:14:09+00:00,NFL:Bills-Buccaneers,NFL,PLAYER_AST,Josh Allen,165,82.8,44.957,75,demo
2026-09-26T15:14:09+00:00,NFL:Bills-Buccaneers,NFL,PLAYER_AST,Justin Jefferson,244,107.5,65.783,75,demo
2026-09-26T15:14:09+00:00,NFL:Bills-Buccaneers,NFL,PLAYER_PTS,Brock Purdy,244,102.7,69.72,75,demo
2026-09-26T15:14:09+00:00,NFL:Bills-Buccaneers,NFL,PLAYER_PTS,Josh Allen,235,97.4,69.72,75,demo
2026-09-26T15:14:09+00:00,NFL:Bills-Buccaneers,NFL,PLAYER_PTS,Justin Jefferson,254,102.9,74.464,75,demo
2026-09-26T15:14:09+00:00,NFL:Bills-Buccaneers,NFL,PLAYER_REB,Brock Purdy,170,93.8,39.355,75,demo
2026-09-26T15:14:09+00:00,NFL:Bills-Buccaneers,NFL,PLAYER_REB,Josh Allen,188,106.7,39.355,75,demo
2026-09-26T15:14:09+00:00,NFL:Bills-Buccaneers,NFL,PLAYER_REB,Justin Jefferson,271,137.4,56.271,75,demo
2026-09-26T15:14:09+00:00,NFL:Bills-Buccaneers,NFL,ALT_SPREAD,Bills,189,90.3,51.856,65,demo
2026-09-26T15:14:09+00:00,NFL:Bills-Buccaneers,NFL,ALT_SPREAD,Buccaneers,220,110.7,51.856,65,demo
2026-09-26T15:14:09+00:00,NFL:Bills-Buccaneers,NFL,ALT_TOTAL,Over,227,102.2,61.731,65,demo
2026-09-26T15:14:09+00:00,NFL:Bills-Buccaneers,NFL,ALT_TOTAL,Under,220,97.9,61.731,65,demo
2026-09-26T15:14:09+00:00,NFL:Bills-Buccaneers,NFL,FIRST_HALF,Over,206,108.5,46.755,65,demo
2026-09-26T15:14:09+00:00,NFL:Bills-Buccaneers,NFL,FIRST_HALF,Under,182,92.2,46.755,65,demo
2026-09-26T15:14:09+00:00,NFL:Bills-Buccaneers,NFL,MARGIN_BAND,Over,209,88.0,64.332,65,demo
2026-09-26T15:14:09+00:00,NFL:Bills-Buccaneers,NFL,MARGIN_BAND,Under,251,113.6,64.332,65,demo
2026-09-26T15:14:09+00:00,NFL:Bills-Buccaneers,NFL,ML,Bills,235,124.1,49.504,65,demo
2026-09-26T15:14:09+00:00,NFL:Bills-Buccaneers,NFL,ML,Buccaneers,170,80.6,49.504,65,demo
2026-09-26T15:14:09+00:00,NFL:Bills-Buccaneers,NFL,QUARTER_ML,Over,194,93.9,51.601,65,demo
2026-09-26T15:14:09+00:00,NFL:Bills-Buccaneers,NFL,QUARTER_ML,Under,213,106.5,51.601,65,demo
2026-09-26T15:14:09+00:00,NFL:Bills-Buccaneers,NFL,SPREAD,Bills,202,105.2,47.154,65,demo
2026-09-26T15:14:09+00:00,NFL:Bills-Buccaneers,NFL,SPREAD,Buccaneers,187,95.0,47.154,65,demo
2026-09-26T15:14:09+00:00,NFL:Bills-Buccaneers,NFL,TEAMS_1Q,Over,211,93.4,60.812,65,demo
2026-09-26T15:14:09+00:00,NFL:Bills-Buccaneers,NFL,TEAMS_1Q,Under,233,107.1,60.812,65,demo
2026-09-26T15:14:09+00:00,NFL:Bills-Buccaneers,NFL,TEAM_TOTAL,Over,216,96.6,60.703,65,demo
2026-09-26T15:14:09+00:00,NFL:Bills-Buccaneers,NFL,TEAM_TOTAL,Under,227,103.5,60.703,65,demo
2026-09-26T15:14:09+00:00,NFL:Bills-Buccaneers,NFL,TOTAL,Over,196,91.9,54.227,65,demo
2026-09-26T15:14:09+00:00,NFL:Bills-Buccaneers,NFL,TOTAL,Under,222,108.8,54.227,65,demo
2026-09-26T15:14:09+00:00,NFL:Chiefs-Ravens,NFL,WIN_PROPS,Ja'Marr Chase,148,109.3,18.518,85,demo
2026-09-26T15:14:09+00:00,NFL:Chiefs-Ravens,NFL,WIN_PROPS,Field,127,91.5,18.518,85,demo
2026-09-26T15:14:09+00:00,NFL:Chiefs-Ravens,NFL,WIN_PROPS,Patrick Mahomes,144,98.4,22.992,85,demo
2026-09-26T15:14:09+00:00,NFL:Chiefs-Ravens,NFL,WIN_PROPS,Saquon Barkley,150,100.8,24.498,85,demo
2026-09-26T15:14:09+00:00,NFL:Chiefs-Ravens,NFL,PARLAY_PROXY,Ja'Marr Chase,300,138.9,67.442,75,demo
2026-09-26T15:14:09+00:00,NFL:Chiefs-Ravens,NFL,PARLAY_PROXY,Patrick Mahomes,188,72.0,67.442,75,demo
2026-09-26T15:14:09+00:00,NFL:Chiefs-Ravens,NFL,PARLAY_PROXY,Saquon Barkley,237,84.2,82.904,75,demo
2026-09-26T15:14:09+00:00,NFL:Chiefs-Ravens,NFL,PLAYER_AST,Ja'Marr Chase,248,124.3,55.159,75,demo
2026-09-26T15:14:09+00:00,NFL:Chiefs-Ravens,NFL,PLAYER_AST,Patrick Mahomes,180,80.5,55.159,75,demo
2026-09-26T15:14:09+00:00,NFL:Chiefs-Ravens,NFL,PLAYER_AST,Saquon Barkley,214,90.2,65.063,75,demo
2026-09-26T15:14:09+00:00,NFL:Chiefs-Ravens,NFL,PLAYER_PTS,Ja'Marr Chase,238,111.6,59.772,75,demo
2026-09-26T15:14:09+00:00,NFL:Chiefs-Ravens,NFL,PLAYER_PTS,Patrick Mahomes,203,89.6,59.772,75,demo
2026-09-26T15:14:09+00:00,NFL:Chiefs-Ravens,NFL,PLAYER_PTS,Saquon Barkley,269,109.2,76.41,75,demo
2026-09-26T15:14:09+00:00,NFL:Chiefs-Ravens,NFL,PLAYER_REB,Ja'Marr Chase,160,98.1,31.238,75,demo
2026-09-26T15:14:09+00:00,NFL:Chiefs-Ravens,NFL,PLAYER_REB,Patrick Mahomes,165,101.9,31.238,75,demo
2026-09-26T15:14:09+00:00,NFL:Chiefs-Ravens,NFL,PLAYER_REB,Saquon Barkley,190,111.5,37.091,75,demo
2026-09-26T15:14:09+00:00,NFL:Chiefs-Ravens,NFL,ALT_SPREAD,Chiefs,207,95.6,56.922,65,demo
2026-09-26T15:14:09+00:00,NFL:Chiefs-Ravens,NFL,ALT_SPREAD,Ravens,221,104.6,56.922,65,demo
2026-09-26T15:14:09+00:00,NFL:Chiefs-Ravens,NFL,ALT_TOTAL,Over,212,95.7,59.423,65,demo
2026-09-26T15:14:09+00:00,NFL:Chiefs-Ravens,NFL,ALT_TOTAL,Under,226,104.5,59.423,65,demo
2026-09-26T15:14:09+00:00,NFL:Chiefs-Ravens,NFL,FIRST_HALF,Over,203,100.3,51.25,65,demo
2026-09-26T15:14:09+00:00,NFL:Chiefs-Ravens,NFL,FIRST_HALF,Under,202,99.7,51.25,65,demo
2026-09-26T15:14:09+00:00,NFL:Chiefs-Ravens,NFL,MARGIN_BAND,Over,193,90.2,54.086,65,demo
2026-09-26T15:14:09+00:00,NFL:Chiefs-Ravens,NFL,MARGIN_BAND,Under,225,110.9,54.086,65,demo
2026-09-26T15:14:09+00:00,NFL:Chiefs-Ravens,NFL,ML,Chiefs,204,90.7,59.374,65,demo
2026-09-26T15:14:09+00:00,NFL:Chiefs-Ravens,NFL,ML,Ravens,235,110.2,59.374,65,demo
2026-09-26T15:14:09+00:00,NFL:Chiefs-Ravens,NFL,QUARTER_ML,Over,214,94.6,61.375,65,demo
2026-09-26T15:14:09+00:00,NFL:Chiefs-Ravens,NFL,QUARTER_ML,Under,232,105.7,61.375,65,demo
2026-09-26T15:14:09+00:00,NFL:Chiefs-Ravens,NFL,SPREAD,Chiefs,191,95.1,49.156,65,demo
2026-09-26T15:14:09+00:00,NFL:Chiefs-Ravens,NFL,SPREAD,Ravens,206,105.2,49.156,65,demo
2026-09-26T15:14:09+00:00,NFL:Chiefs-Ravens,NFL,TEAMS_1Q,Over,222,95.0,65.141,65,demo
2026-09-26T15:14:09+00:00,NFL:Chiefs-Ravens,NFL,TEAMS_1Q,Under,239,105.3,65.141,65,demo
2026-09-26T15:14:09+00:00,NFL:Chiefs-Ravens,NFL,TEAM_TOTAL,Over,222,103.2,58.461,65,demo
2026-09-26T15:14:09+00:00,NFL:Chiefs-Ravens,NFL,TEAM_TOTAL,Under,212,96.9,58.461,65,demo
2026-09-26T15:14:09+00:00,NFL:Chiefs-Ravens,NFL,TOTAL,Over,232,105.1,61.901,65,demo
2026-09-26T15:14:09+00:00,NFL:Chiefs-Ravens,NFL,TOTAL,Under,216,95.2,61.901,65,demo
